,0
0,covid vaccine ladne ke do month tak alcohol drink ban hogi
1,uae has approved chinese covid vaccine #covid19vaccine #covid19
2,api segment covid 19 vaccine mnfg cos. it platforms
3,will you take covid-19 vaccine now
4,#avians will have to register for corona vaccine backhand_index_pointing_down #covid19vaccine #vaccine #covidvaccine
5,covid-19 #vaccine
6,vaccine o every 10 days covid test
7,first person be vaccinated it has begun #iwillgetvaccinated #pfizer #coronavirusvaccine #covidvaccine #covid19vaccine #covidvaccine #
8,13400-13450 zone crucial nifty; risk reward ratio unfavourably skewed #stockstowatch #nifty #banknifty #cfc #bist100 #bitcoin #eth #binance #btcusd #bsc #btc #covid19 #covidvaccine #vaccin #cryptoart #championsleague #fpl #india #wednesdaymotivation
9,twitter: what is your stance regarding covid-19 vaccine
10,‡§ú‡§≤‡•ç‡§¶ means today full-day half-day immediate or it's like covid vaccine ... be formulated say something.
11,"long distance revive ever, hacker spotted auto matching. funny clips out now checkout backhand_index_pointing_right #ad #viral #pubg #akira #ausvind #biggbosstelugu4 #runbtsep119 #natrajan #freemelee #quotes #tuesdaymotivations #ps5 #xboxseriesx #xbox #covidvaccine #hongkong"
12,"#covid 19 vaccine jihad #andbhakt dur rhe made by muslim couple scientist's dr. ugur sahin, dr. √∂zlem t√ºreci @"
13,#cvnews #coronavaccine #coronavirus #corona #covidvaccine #covid19 #mumbailocal
14,#cvnews #unitedkingdom #margaretkeenan #pfizervaccine #england #coronavirus #covidvaccine #covid
15,#happyyunaday #airpodsmax #indvsaus #sixtonesÊúÄÂè´ #winmetawin #vaccine #monolith #runbtsep119 #princessyunaday #pronote #bharatbandh #sharemarket #warrenbuffett #investments #india #punjabfarmers #daljitdosanjh #covid19 #covidvaccine #retweeet #hashtag #trendingnow #stocks
16,chinese coronavirus vaccine brought indonesia tap link read more #covid19 #covidvaccine #covid reported
17,aapne cricket achha khela bhai. lekin please logo ko bhadkana band karo. log marte hai. aap toh araam se ac room mein baith ke tweet kr dete ho. Bill padho jaake pehle. covid vaccine pe aapke vichar dekh ke oata chal gaya kitna dimaag hai aapke andar. folded_hands
18,covid's first vaccine reciever bravo margaret keenan #covid19vaccine #covidvaccine #covid19 #margeratkeenan #bbcnews #bbcbreakingnews
19,4 famous peoples donated 13m dollars country #cambodiaCambodia government getting covid-19 vaccine as below: 1-chip mong group Laughing_big_grin_or_laugh_with_glassesm dollars 2-h.e hong piv = 3m dollars 3-h.e jen xi = 3m dollars 4. oknha leng navatra = 1m dollars #cambodiaCambodia #vaccine #covid_19
20,"‡∂∂‡∂∫‡∑í‡∂∫‡∑è‡∑É‡∑ä ‡∂∂‡∂∫‡∑í‡∂∫‡∑è‡∑É‡∑ä where art thou how this was even allowed is beyond my level perception. this ""‡∂¥‡∑ê‡∂´‡∑í"" is supposedly be given patients who contract covid. it is not vaccine. so i'm presuming that either this crowd has covid or is going contract it after. oh well"
21,#margaretkeenan #covid19 #covidvaccine
22,"Abe crow, will the vaccine be vaccinated by sending a message from whatsapp #coronavirus #vaccine #covidvaccine #covid19"
23,is this best news 2020 #covidvaccine #covid19
24,matlab log shaadi toh aise attend kar rahey hain jaise covid vaccine muft mein mil raha ho udhar.
25,87-yr-old indian-origin man be one world's first get covid vaccine #vaccineswork #vaccinoanticovid #covid19vaccine #coronavirusvaccine #covid_19 #coronavaccine #covidvaccine #indian #covid19
26,New thefts and frauds have started in the world now. You may also receive such a call or message. beware such frauds. #rjpooja #poojadalaldholakia #morningwithpooja #fraud #covid_19 #covid #vaccine #india #gujarat #ahmedabad #vadodara #surat #rajkot
27,people hunkering down last few months before they get their covid vaccine. #covid19 #nosleeptilvaccine #moderna #pfizer #worstyear
28,giat ye antivax sebar dakyah covid 19 vaccine nie merbahaya dekat group ws makcik2
29,amazing know about inventor covid-19 vaccine. #covid19 #covid19vaccine #pfizerbiontech
30,mashallah. #covid19 #covidvaccine #corona #coronavirusupdates
31,covid-19 vaccine frontrunners india: filed approval: United_StatesGermanypfizer-biontech üá¨Bahamasüá™Indiaoxford-astrazeneca-sii phase 3 trials: Indiabharat biotech
32,covid-19 vaccine frontrunners india: filed approval: United_StatesGermanypfizer-biontech üá¨Bahamasüá™Indiaoxford-astrazeneca-sii phase 3 trials: Indiabharat biotech #covid19 #india #tamilnadu #chennai #subash
33,"how do you know..tomorrow, which local company can get a contract to distribute covid vaccine for pharma companies from china to, us to right .... it's mcm free all anyway. what do you want it to be."
34,#seruminstitute seeks #dcgi approval emergency use authorisation #covishield #oxford-#astrazeneca #vaccine #india #covid19 #covidvaccine #covid19vaccine #oxfordvaccine
35,#covaxin #bharatbiotech #covidvaccine #covid19vaccine #narendramodi
36,As many as 1.2 million doses of the Covid-19 vaccine made by Sinovac Biotech arrived in Indonesia on Sunday 6/12/2020. #medanfmnews #medanfmmakinhits #covidvaccine #covid_19 #covid
37,Indonesia has got the covid-19 vaccine
38,#covidvaccine saudi arabia announce registration system taking covid vaccine. #covid19
39,tani ndi na sila hagi post mga amo ni bala para ndi ma intercept sang may mga masamang balak huhu lord god pls guide all covid vaccines. tani makaabot lang safe correct sa right countries folded_handslight_skin_tonefolded_handslight_skin_tonefolded_handslight_skin_tonefolded_handslight_skin_tonefolded_handslight_skin_tonefolded_handslight_skin_tone
40,covid vaccine folded_handsmedium-dark_skin_tone
41,covid-19 vaccine check_mark_buttonsyringe
42,#covidvaccine #indonesia
43,life as usual mumbai attending ring ceremony mumbai. #covidvaccine
44,#covid vaccine
45,‚Äúpioneer‚Äù behind today‚Äôs covid vaccines
46,"Khan sahib repent from such illegitimate, useless and harmful vaccine and have mercy on your people #pmik #pakistanarmy # covid19 #covidiots #covidvaccinefacts #covidvaccine"
47,#covid19 #coronavirus #covidvaccine
48,#covidvaccine is also a political show #vaccine trial is a serious topic. BJP minister Vij ji and Dr Narottam Mishra ji made the drug trial a public trial. If the drug trial is not done then it is a joke today's leaders are ready for all work leaving their work.
49,"Namaskar Mananiya. su prabhat pranam corona ko hara kar bharat ki jeet ek udahran. ""Haryana minister anil vij, who was part vaccine trial, tests positive covid-19"""
50,it will require covid vaccine
51,#covid #covaxin #covidiots #vaccine #bharatbiotech #covid19
52,latest covid vaccine. #coronavirus #coronavirusvaccine #covid19
53,vengai magan ... covid vaccine pottu kolavum
54,hahaha sbb vaccine coming in. so if you got covid readyy je la duit vaccine. You're good at life. hahahaa
55,"#takebackfarmerslaws #farmersarelifeline #8‡§¶‡§ø‡§∏‡§Ç‡§¨‡§∞_‡§≠‡§æ‡§∞‡§§_‡§¨‡§Ç‡§¶ ""haryana minister anil vij, who was part vaccine trial, tests positive covid-19"""
56,"haryana health minister anil vij, who took trial shot bharat biotech‚Äôs vaccine, tests positive covid-19"
57,way scientists actress globe has developed covid vaccine record time. ‡§∂‡§§ ‡§∂‡§§ ‡§®‡§Æ‡§®‡•§
58,"Unscientific Capitalist Blind Race for Vaccine Haryana Minister, who participated in covid vaccine trial, tests positive - ndtv"
59,no guarantee covid vaccine
60,omg is vaccine big flop #vaccin #covid19india #covidvaccinefacts #covidvaccine
61,"Haryana Health Minister #Anilvij had administered the #bharatbiotech vaccine of Corona during the trial on November 20, 15 days ago, and today information has come that he is corona positive. #covidvaccine #anilvij #haryana"
62,"breaking news Haryana Health Minister Anil Vij, who took the vaccine a few days ago, got corona. #covidvaccine #covid19"
63,Haryana Health Minister Anil Vij corona infected... Vij had given a trial vaccine of corona.. Big question - how much guarantee of corona vaccine now #coronavaccine #covidvaccine
64,"I hope you are not angry with each other. With respect, believe that most of the covid vaccine will not go further. Nearly 10 vaccines in phase 3+ are now available, with a total annual production capacity exceeding 5 billion doses. Finally, the outbreak will stop. There is no place to hold the remaining tubes of vaccine."
65,Haryana Health Minister Anil Vij had got corona's #bharatbiotech vaccine 15 days ago during the trial on 20th November and today information has come that he is corona positive. #covidvaccine
66,"Hello Honorable India. covid vaccine may be ready few weeks ahead of Kashi Vishwanath's super power, waiting experts' noTongue_sticking_out_cheeky_playful_or_blowing_a_raspberry pm modi at all-party meeting via namo app"
67,"Hello Honorable India. Ahead of Kashi Vishwanath's power, covid vaccine may be ready few weeks, waiting experts' noTongue_sticking_out_cheeky_playful_or_blowing_a_raspberry pm modi at all-party meeting via namo app"
68,after taking covid vaccine
69,"school fail, agent ambani-adani-tata, narendra modi failed suspend foreign flights dec, 2019, organised namaste trump, allowed corona spread country, refused free treatment covid patients, allowed hospitals loot, is acting as agent vaccine drug companies"
70,seems union govt has done this deliberately preempt risk covid vaccines being consumes like ‡§ö‡§æ‡§∞‡§æ by &amp; gang face_with_tears_of_joy
71,corona time ch punjabian ne sewa di kasaar nhi ‚Äã‚Äãshadi covid di aad govt ne #farmers de backstab krya himaat hai hiq ch k vajda hun kyu bill ch vadhya betha covid di vaccine te hi jaani aw per ah bill sade ghara ghara chulya k te ohda ilaaz huni hi krna pau
72,15 august ‡§∏‡•á ‡§™‡§π‡§≤‡•á ‡§π‡•ã ‡§ú‡§æ‡§è‡§ó‡§æ modi says covid-19 vaccine may be ready india few weeks
73,"O Malaysians, don't worry if there is a zombie breakout/titans attack because of the covid vaccine, because if there is all that, he will be close to us first rolling_on_the_floor_laughingrolling_on_the_floor_laughingrolling_on_the_floor_laughing"
74,#covidvaccine bhi aisi lagegi kyasmiling_face_with_sunglasses
75,copied web #covidvaccine
76,know about uk has approved p'fizer #vaccine #biontech #covid19-19 #mhra #biontech covid #coronavac #covidpfizer #pfizer biontech uk
77,vaccine markets out #covidvaccine
78,play your part fighting covid. ‚Ä¢ wash hands thoroughly regularly. ‚Ä¢ practice social distancing. ‚Ä¢ eat hygienic food. don't lower your guard till vaccine arrives #indiafightscorona #indiafightscoronavirus #indiafightscovid19
79,covid vaccine enmennah ves hiley libeyne: raees
80,That's how it was thumbs_up #covid„Éº19 #covid19 #covidsecondwave #covidvaccine #COVID19 #COVID19 #COVID19
81,mps attending #covidvaccine meeting:
82,mps attending #covidvaccine meeting: sudip bandyopadhyay tr baalu navaneethkrishnan chandrashekhar sahu rcp singh prem chandra gupta namma nageshwar rao k keshav rao
83,Devotees want #covidvaccine not coramine injection which is available only with rss.
84,"today's all-party meeting, we hope pm clarifies by when will every indian get free covid vaccine. We hope that in today's all-party meeting, PM will make it clear that by when free corona vaccine will be given to every Indian."
85,"""covid 19 vaccines eating covid19 2021"""
86,"hoardings of aap did not come in the market, covid vaccine has arrived in england"
87,"at 1.6bn doses, india no. 1 deals covid vaccine..."
88,isliye 2007 t20 wc final mai tumhari jagah joginder sharma ko final over di thi.. tumne hugg pile_of_poopile_of_poo hi dena tha.. #covidvaccine
89,covid-19 vaccine be free finland via
90,"The Covid-19 vaccine made in western countries cannot be bought by the general public in Nepal. Therefore, we should take the vaccine made in China and India. China will distribute 600 million vaccines within this year. According to cnn, China has already started distribution. The government must know. ."
91,just imagine covid vaccine ramdev...
92,blue star: co gets rupees 2b order covid vaccine storage || co expect more order q4 covid medicine storage
93,understanding mrna vaccines #covid
94,Rolling_on_the_floor_laughingrolling_on_the_floor_laughingrolling_on_the_floor_laughing
95,# unite2fightcorona #janandolan #indiafightscorona #swachhbharatswasthbharat #coronavirus #covidvaccine # covid19india
96,#antivaxxers #ŸÖÿ∑Ÿäÿ±__ŸÖŸÑÿ™ÿ≤ŸÖŸàŸÜ #1billionviews_banned #china #brahminlivesmatter #lisa #covidvaccine
97,"Paaji, 93.6% of the people in India infected with coronavirus have recovered. Vaccine will protect people from infection.... there is a difference between the two... #covid„Éº19 #covidvaccine #covid19india #covidsecondwave #coronavirusvaccine #coronavaccine #coronaupdatesinindia #corona"
98,china ready distribute millions corona vaccines worldwide #coronavirusvaccine #1ÏñµÎ∑∞_Ïô∏Ï∂úÏûÖÍ∏àÏßÄ #covid„Éº19 #covidiot #covidvaccine
99,approved covid-19 vaccines: uk: pfizer russia: sputnik v epivaccorona uae: sinopharm china: sinovac cansino military india: #farmersbill
100,duniya ko pehla complete covid vaccine dene wale ye do muslim phir bhi tum muslim ka compare taliban ya osama se karo ge
101,"approved covid-19 vaccines: uk: pfizer russia:sputnik v, epivaccorona uae: sinopharm china: sinovac, cansino india - none yet #vaccine #vaccineupdate"
102,uk approves pfizer corona vaccine tap link read more ... #vaccine #vaccination #covidvaccine #covid„Éº19
103,#tractor2twitter #2020wrapped #covidvaccine #agriculturebill #farmersagitation #farmarprotests #farmarsprotest #standwithfarmers #farmarprotestchallange
104,#pfizervaccine #covidvaccine new hope #unitedkingdom folded_hands
105,corona bollywood actor sunny deol #covidvaccine #coronavirus #coronainfoch #sunnydeol
106,covid vaccine smiling_faceÔ∏è
107,good sign #wellfareindia ministers fronting themselves as volunteers. #covaxin #mordenavaccine #covidvaccine #astrazeneca #pharmaindustry
108,bengal minister firhad hakim becomes first volunteer take covid-19 vaccine 'covaxin' phase iii trial kolkata.
109,#youthlook #theyouthlook #covid19 #vaccine #covid #corona #who #ima #doctor #coronavirus #coronapositive #pfizer #unitedkingdom #biontech #vaccinesafetyadvocate #coronavaccine #covidvaccine #coronatreatment #coronapandemic #unitedstates #usa #pfizersponsored
110,allhumdulilah best news internet today. #covidvaccine #covid19
111,#covidvaccine #pfizervaccine
112,#covid19 #covidvaccine clapping_hands
113,covid vaccine coming soon
114,"If the corona vaccine is ready, first give it to the people who carry sticks in the village."
115,Second... India will become the country to approve #coronavaccine... Vaccine will be available from 2 or 3 weeks #covidvaccine ji.. Jai Mata di ji... in making India a world guru... your joint is more important .... Yes
116,breaking: #uk becomes first country approve #pfizer's #coronavirus #vaccine . #pfizervaccine #pfizerbiotech #coronavaccine #covidvaccine
117,#covid19 #covid19bangladesh #covidvaccine
118,The golden light will catch on one day. Inshallah. # covid19 # covid19bangladesh #covidvaccine
119,absolutely. you your #family are your own protector saviour. cooperate with #government #staysafe #wuhancoronavirus is everywhere. #covid #covid19 #coronavirus #coronaracist #coronawarriors #covidvaccine
120,listen expert #covidvaccine #covidtruth you need listen this leading vaccine expert korea | stay curi... via
121,zabardasti ki vaccine mat lao .... folded_handslight_skin_tone #coronavirus # covid19 #covid #covidvaccine #seruminstituteofindia
122,The moderna covid-19 vaccine is claimed to be 100 percent effective in curing severe COVID-19 sufferers #medanfmnews #medanfmmakinhits #moderna #covidvaccine #covid_19 #covid
123,covid vaccine: moderna seeks approval us europe
124,"so, vaccine approved #covidvaccine"
125,refer back to the article. gold is considered a safe investment for ages because its value is considered permanent despite the economic crisis. when the economy was hit by the crisis #covid19 gold was bought & amp; the price goes up. when #covidvaccine is found the crisis will be over then gold is sold & amp; the price goes down.
126,"astrazeneca r&amp;d chiefs talk roxadustat trial, ultomiris threats imfinzi wingman treme‚Äôs future"
127,astrazeneca approved as booster vaccine australia #covid19 #encourageindividuals #omicronvariant #primarycourse #vaccine
128,hats off all scientists who made #covid19vaccines such small time frame folded_hands #covid19sl #covid19lk #labtojab #sinopharm #pfizer #moderna #suptnikv #sinovac #astrazeneca
129,"polyclinic of bari, astrazeneca donates an electroencephalogram device to the neonatology department"
130,astrazeneca approved as booster vaccine australia people aged 18 years older australia #covid19 #covid19boostervaccine #boostervaccine
131,"Most European pharmaceutical companies have branches in Turkey, including astrazeneca, so there is a difference in price between the local product because it was taken from Turkey and the European importer uk United_Kingdom from the same factory because it was taken from the Sultanate"
132,mrna booster better for those with two astrazeneca shots
133,"rt: twt_cyberjaya: in the cyberjaya group, tell astrazeneca"
134,"""AstraZeneca"" expects sales growth in 65, adjusting dividends even if the sales of booster vaccines decrease #astrazeneca #covid19 vaccine #AstraZeneca#infoquest"
135,"mrna booster shot people who had two astrazeneca shots will provide better protection against covid-19 when compared three doses astrazeneca, according local studies as revealed by prominent public health expert. #thailand #‡πÄ‡∏Ç‡πá‡∏°3"
136,"twt_cyberjaya: in the cyberjaya group, tell astrazeneca"
137,"- astrazeneca q4 core eps $1.67 approx $1.56 - q4 gross revenue increased 62% to $12,011m - saw '22 gross revenue increased by young high% - saw '22 core eps increased from mid to high twenty% - to increase the annual dividend from $0.10 to $2.90"
138,I want astrazeneca too. i 1st 2nd dose astrazeneca syringe
139,"I don't want to interfere if I can. want astrazeneca all. It's a little fun, isn't it"
140,Australia green light to use AstraZeneca vaccine as booster #astrazeneca #covid19 #Covid19 vaccine #Sponsored Vaccines #Australia #AstraZeneca #Covid19 #InfoQuest
141,wow. I am Astrazeneca family. but haven't received a booster call yet. hm
142,expert virologist dr yong poovorawan wrote his facebook page thursday that people should get mrna vaccine booster dose instead three doses astrazeneca. #covid19 #thailand #thenationthailand #thailandnews read more:
143,tomorrow I'll give myself the third dose of the vaccine and it's probably astrazeneca there you see yourself lying in bed with a fever of 38 chacha wish me luck
144,"hi, this ppv only offers pfizer and astrazeneca az vaccines"
145,done 3 shots of.... astrazeneca syringe
146,thailand: astrazeneca awarded top employer 2022 thailand and asia-pacific
147,"earnings: astrazeneca, twitter, uber, walt disney u.k. bank england governor andrew bailey speaks thursday u.s. consumer price index, initial jobless claims thursday more market analysis, read our mliv blog."
148,number covid-19 cases as 09 february 2022. remember observe safety protective measures when you‚Äôre out about. #thesundaily #mco2021 #cucukmyaz #astrazeneca #pfizerbiontech #sinovac #selvax #comirnaty #vaxzevria #coronavac #mysejahtera #cucukmypfizer #thesun
149,I didn't believe it but it's true astrazeneca humiliates the human being I'm ridiculous
150,"""Dr. Yong"" reveals the results of a study of 3 injections of ""AstraZeneca"" #CoronaVirus #Covid19 #covid19 #DoctorYong #Covid Vaccine #astrazeneca #Covid Today #AstraZeneca via"
151,it's hotel california.
152,1st 2nd dose or astrazeneca juga
153,"there's a friend who managed to take a third of aguavac, I'm going to go where he took it, otherwise this pfizer or astrazeneca neither here nor in china lol"
154,"done booster 1st astrazeneca 2nd astrazeneca 3rd pfizer thank God there are no severe side effects. little impression¬≤ grinning_face_with_sweat there .. chest pain sblh left but not always. heartburn there is also thinking_face. tp xkuat la. discontinuous simplicity. ""wa iza maridtu fahuasyashfin"""
155,When and on which day one should fast #astro #astrology #astrazeneca
156,"Astrazeneca is really great, it's not even half a day and I can already feel it :"" And Sinovac's base is weak :"""
157,astrazeneca pharma q3 pat falls 45% yoy rs 11 cr astrazeneca pharma posted 45.7% fall net profit rs 11.42 crore q3 fy22 rs 21.05 crore posted q3 fy21. #general news by #businessstandard
158,"makjiiii, after the booster vaccine. I'm sorry, I haven't had the booster yet. btw, it's really sore after the astrazeneca booster"
159,Complete 2 doses of sinovac vaccination check_mark_buttonÔ∏ècheck_mark_buttonÔ∏è followed by 1 dose of astrazeneca check_mark_buttonÔ∏è 4 months ago today I came to activate 4 syringe needles with moderna check_mark_buttonÔ∏è
160,"who is '19' 3.0 1. wuhan china 2.born in 20'19 '3. virus code #'19' 4. delta 5. beta 6. alpha 7. omicron 8. airborne 9. vaccine: sinovac, 10. pfizer 11 .astrazeneca 12. pkp 13. lockdown 14. #prnjohor 15. young 16. pneumonia 17.134 18. booster '19'. i hate you"
161,"astrazeneca vaccine, aid from Japan arrives"
162,"Finally, low fever, headache, arm pain ... #astrazeneca #4th needle"
163,yay dah negativeeeeee alan masihhhh negative padahal dia kuarantin sebilik. basic child astrazeneca
164,"The Sambas Rutan in collaboration with the Sambas District Health Office through the Sambas Community Health Center held the Astrazeneca vaccine for the inmates of the correctional facility.. Sambas, 09 February 2022.."
165,astrazeneca pharma q3 pat falls 45% yoy rs 11 cr
166,"number covid-19 cases yesterday, 08 february 2022. remember observe safety protective measures when you‚Äôre out about. #thesundaily #cucukmyaz #astrazeneca #pfizerbiontech #sinovac #selvax #mysejahtera #cucukmypfizer #covid19malaysia #malaysia #thesun"
167,vaccine. dose 1 - pfizer dose 2 - pfizer booster - astrazeneca *masih single &amp; extra cantik. tiberr
168,"I was so bad in the two astrazeneca. It looked like dengue. two days. first dose worse, but second also with body pain, fever... I was anxious yesterday. but, funny, I found that the 3 months between 1st and 2nd dragged on longer than the 4 months between 2nd and 3rd."
169,"who may be interested: pfizer, unlike the astrazeneca that tried to kill me twice, it only gave me pain in the arm of the application and now a slight headache and the beginning of a fever. nothing too painful."
170,a total of 544 reports were received involving the synovac vaccine while astrazeneca recorded 138 reports. #malaysianow #mnow #mnownews #npra #pfizer #astrazeneca #sinovac #aefi
171,"It's been 2 days since my body dropped since the booster vaccine knocked-out_face at home until I panicked because this afternoon I had a really high fever, wow iloveu astrazeneca :'"
172,"mcm weird why do you need mrna vaccines like pfizer, astrazeneca and others2 .. one2 not rna/mrna is sinovac. inactive virus if it really is ""something"" fishy. it seems that sgt mmg wants everything to bother mrna/rna while I have developed an inactive insane virus"
173,astrazeneca pharma india q3fy22 net profit lower at rs. 11.41 crores #astrazenecapharmaindia #q3fy22 #9mfy22 #resultupdate
174,the following side effects if you choose astrazeneca as a booster vaccine
175,"As for the synovac vaccine, a total of 544 reports were received involving 537 primary dose cases and seven booster dose cases while the astrazeneca vaccine recorded 138 reports, namely 136 primary dose cases and two booster dose cases, he said."
176,number covid-19 cases as 08 february 2022. remember observe safety protective measures when you‚Äôre out about. #thesundaily #mco2021 #cucukmyaz #astrazeneca #pfizerbiontech #sinovac #selvax #comirnaty #vaxzevria #coronavac #mysejahtera #cucukmypfizer #thesun
177,stocks touching fresh 52wk-l today's session 8 feb ags transact tech akzo nobel india astrazeneca pharma data patterns hdfc life igl iol chemicals johnson controls jubilant pharmova kansai nerolac lasa super lupin mrf national peroxide nucovo vistas corp orchid pharma
178,"""scientists and politicians may have killed hundreds of thousands of people by damaging the reputation of the astrazeneca vaccine"""
179,astrazeneca wish be like...
180,so any japanese speaker that want work with astrazeneca 3 months short term starting march. this role is support ongoing project finance. salary ofc money-mouth_facemoney-mouth_facemoney-mouth_facefresh grad with Êó•Êú¨Ë™ûËÉΩÂäõ also can try. can dm me your cv/resume. rt untuk kesejahteraan rakyat
181,also true sii/astrazeneca &amp; bill gates' bharat biotech india.
182,"Brimob Polda Sumut escorted the arrival of 389,300 doses of astrazeneca vaccine"
183,"for sinovac recipients who wish to receive the synovac vaccine as a booster dose, you will be given the option to obtain this vaccine. however, pfizer or astrazeneca are still the recommended booster doses as the most effective booster doses for synovac recipients."
184,cc–≤: more than 2.1 million doses of astrazeneca vaccine used in the country during vaccination
185,booster vaccine certificate is missing from agak2 how many months want to fix this problem .. just had a screenshot je .. a week after the booster there must be lost immediately .. unseen p where ntah .. sib there is evidence of the card .. #booster #astrazeneca
186,"results today: ajmera realty, aster dm, astrazeneca pharma, borosil renewables, bata india, bharti airtel, bajaj electricals, data patterns india , endurance technologies, escorts. #news #news #bata #bharti #datascience #escorts"
187,"myrepublica: over 800,000 doses astrazeneca vaccine arrive nepal -"
188,"booster pfizer. 1st anr 2nd astrazeneca, no side effect."
189,"1\5 results february 8 | bharti airtel, irctc, bata india, jindal steel &amp; power, bajaj electricals, ajmera realty &amp; infra india, aster dm healthcare, astrazeneca moneycontrol"
190,#resultstoday bharti airtel bata escorts godrej consumer granules india gujarat gas igl irctc jspl mgl nmdc astrazeneca bajaj electricals jk paper ncc praj industries
191,#icymi recipients of sinovac primary dose vaccine can receive the same brand of vaccine as the booster dose following the refusal of a handful of sinovac vaccine recipients to receive mixed dose injections of pfizer-biontech and astrazeneca.
192,"for those areas of cyberjaya, sepang, dengkil & amp; around. if anyone has not been able to booster, or missed the appointment date, can come w l k i n grinning_face round_pushpin ppv mmu, cyberjaya monday to friday from 9am to 6pm. astrazeneca syringe. rts much appreciated white_heartwhite_heart"
193,"number covid-19 cases yesterday, 07 february 2022. remember observe safety protective measures when you‚Äôre out about. #thesundaily #mco2021 #cucukmyaz #astrazeneca #pfizerbiontech #sinovac #selvax #mysejahtera #cucukmypfizer #covid19malaysia #malaysia #thesun"
194,"Today the financial results of these companies- astrazeneca pharma, godrej consumer products, irctc, nmdc, granules india, bajaj electricals, bata india, escorts, goa carbon, heidelberg cement, rites, rupa, ttml, irbinvit"
195,"800,000 doses batch 21 lakh total doses uk astrazeneca vaccines syringe landed airplane_arrival round_pushpinkathmandu Nepalyesterday. 13 lakh additional doses arrive shortly. #vaccineswork uk United_Kingdom is happy support nepal‚Äôs successful vaccine rollout. folded_hands"
196,"""I don't want to accept pfizer, I don't want to accept astrazeneca, we still have a little more stock of sinovac we will provide based on 'first come first served'."" #awaninews #awanipagi #malaysiasihat #myvaksincovid19"
197,pfizer astrazeneca johnson &amp; johnson novartis roche elly lilly acino
198,"my sister just died of it. ""we"" is therefore me, in this case. she was very happy to have received the astrazeneca vaccine. long months of terrible suffering and an atrocious end in total solitude. should I give up in the face of unjustifiable ignorance"
199,"we as the 1st batch of astrazeneca are brave, like 5, 6 doses will not matter"
200,"alhamdulillah finished taking pfizer booster dose 30 dec 2021 then thumbs_up astrazeneca primer dose + pfizer booster dose slightly_smiling_face side effects only on the first to third day only. pain in the arm where it was injected, after this everything is ok smiling_face_with_smiling_eyes"
201,"re -broadcastouble_exclamation_markÔ∏è for the people/society around cyberjaya, putrajaya, sepang, dengkil, klia, banting loudspeaker moh laaaa amik booster dose near here round_pushpin ppv mmu, cyberjaya. Monday Friday. 9 a.m. to 6 p.m. can walk in. astrazeneca syringe only for now. rt appreciated white_heart"
202,it follows the refusal of a handful of synovac vaccine recipients to receive injections of mixed doses of pfizer-biontech and astrazeneca.
203,"recipients of the synovac primary -dose vaccine can now receive the same brand of vaccine as the booster dose, the health minister said. he said, it was due to the refusal of some recipients of the synovac vaccine to receive injections of mixed doses of pfizer-biontech and astrazeneca."
204,"I just turned down the wind, hopefully it won't be against the Astrazeneca booster, okay... eyes"
205,"tkp: nepal receives over 800,000 doses astrazeneca vaccine -"
206,"tkp: nepal receives over 800,000 doses astrazeneca vaccine monday -"
207,first day first batch astrazeneca. but until now x got another expressionless_face booster
208,"""kkm still encourages them to accept pfizer or astrazeneca but any booster is better than no booster"" - kj #awaninews #awani745"
209,number covid-19 cases as 07 february 2022. remember observe safety protective measures when you‚Äôre out about. #thesundaily #mco2021 #cucukmyaz #astrazeneca #pfizerbiontech #sinovac #selvax #comirnaty #vaxzevria #coronavac #mysejahtera #cucukmypfizer #thesun
210,es astrazeneca stands empyerno # @
211,"booster vaccine info for people aged >18 years &amp; Vaccine for children > 6 years old at Gaia Bumi Raya City Mall, Kubu Raya. for a booster, while using astrazeneca, direct registration on the spot. #successvaccination"
212,"recipients of the synovac vaccine dose, will be given the option to choose the synovac vaccine booster as well, if they do not want to receive the pfizer/astrazeneca vaccine booster injection. cc:"
213,"pfizer &amp; astrazeneca are now available again ko samui dose 1, 2, 3, 4. hospital at ko samui hospital room no.25 round_pushpin calendar dates: feb 9, 10, 17, 18 three_o‚Äôclock : 15:00 - 18:00 #samui #kohsamui #kosamui #kohsamuithailand #‡πÄ‡∏Å‡∏≤‡∏∞‡∏™‡∏°‡∏∏‡∏¢ #‡∏™‡∏°‡∏∏‡∏¢"
214,"round_pushpin ppv offsite mmu, cyberjaya can walk. astrazeneca syringe for the time being. timer_clockÔ∏è Monday to Friday 9 a.m. to 6 p.m. Please spread the word. thank you white_heart"
215,#results #tomorrow #cashwaali ajmera realty aster dm astrazeneca bajaj electrical data pattern eid parry endurance goa carbon greaves cotton gujarat alkalies heidelberg j&amp;k bank jk paper kolte patil latent view ncc praj redington rites stovekraft suven pharma ttml
216,"I got a booster injection a week ago. astrazeneca everything. only a slight fever on the second night after the prick. eat panadol, done. no other effect the case is on the rise but not many seriously ill need to be hospitalized. proven vaccines help. get boosted guys"
217,"risingnepal: 862,080 doses astrazeneca vaccine arrive nepal -"
218,Criticism of astrazeneca 'probably hundreds of thousands killed' - scientists
219,"astrazeneca india is proud launch expand its 'young health programme', initiative with plan india prevent most common non-communicable diseases ncds among young children, state karnataka. #younghealthprogramme #cancerpreventionmonth #cancerawareness"
220,"At the end, I also feel Astrazeneca which makes my body nervous..... even though it's already the 3rd day, it's still confusing loudly_crying_face, so where are you now?"
221,astrazeneca thailand certified as top employer 2022 thailand
222,anger_symbol The World Health Organization quotes Astrazenka as saying: small_orange_diamond The vials that were injected into Iran in October 2021 as the Covid vaccine and had the Astrazinka brand and label were counterfeit and are very difficult to distinguish because of the main chado vaccine: astrazene -s
223,"today is exactly two weeks 14 days I got a booster dose covid-19 vaccine injection. for the first and second injections, I got the astrazeneca vaccine. while the booster dose I received the pfizer vaccine. my experience after receiving a booster dose,"
224,number covid-19 cases as 06 february 2022. remember observe safety protective measures when you‚Äôre out about. #thesundaily #mco2021 #cucukmyaz #astrazeneca #pfizerbiontech #sinovac #selvax #comirnaty #vaxzevria #coronavac #mysejahtera #cucukmypfizer #thesun
225,#astrazeneca vaccine 1st dose done.
226,aap clan la sekarang. hahahahha astrazeneca + astrazeneca + pfizer rolling_on_the_floor_laughing
227,2 astrazeneca still hasn't survived.
228,the government focuses on using astrazeneca for booster vaccines in the first 3 months of the process to protect families
229,ultra boost 3.0 has no symptoms so far. #boosterdose #astrazeneca
230,"vaxxed with sinovac, astrazeneca moderna. have not had corona."
231,sinovac 2 astrazeneca 1 pfizer 1 @ headquarters building Public Broadcasting Authority of Thailand
232,super duper fully vaccinated needle 4 must have arrived 2 sinovac + 2 astrazeneca yesterday at Suvarnabhumi Airport workers have to spray at the airport.
233,"megaphone megaphone Prachuap Khiri Khan Hospital Vaccination service for COVID-19 on January 31, 2022 from 8:00 a.m. ‚Äì 12:00 noon. Vaccinated astrazeneca on February 1, 2022 from 8:00 a.m. ‚Äì 12:00 noon. Vaccinate pfizer at the building in front of Phra Viharn Luang Por Piem, Koh Lak Temple, Amphoe City, Prachuap Khiri Khan Province"
234,alhamdulillah. finished also booster dose after 2x had to reschedule reason 1st & amp; 2nd appoinment weekdays #boosterdoze #astrazeneca @ axiata arena
235,#cucukmyanz episode 3 #astrazeneca #booster #covid19 @ aeon taman maluri shopping centre
236,Third needle #astrazeneca Memories of the #covid_19y era
237,"Japan provides assistance with Astrazeneca vaccine, the Indonesian government is very grateful for the welfare of the nation"
238,i‚Äôm triple a.. due booster = astrazeneca
239,syringe 3 pfizer vaccination for us no fever just a little pain in the arm at the injection site effect is less than astrazeneca fever 1 day victory_handÔ∏èbeaming_face_with_smiling_eyes
240,"If the first 2 doses of astrazeneca have no side effects, the 3rd dose of today's pfizer shouldn't have any side effects either. Amen."
241,astrazeneca vaccine aid from Japan arrives ikn equalization
242,Japan provides assistance with Astrazeneca vaccine for equity
243,"The Indonesian government again received 651,130 doses of Astrazeneca vaccine from the Japanese government"
244,Japan provides assistance with Astrazeneca vaccine. development equalization ikn
245,"astrazeneca vaccine from Japan as much as 651,130 doses of even distribution"
246,"government receives 651,130 doses of astrazeneca vaccine to promote equitable development"
247,Mashhad Astrazeneca takes the third dose
248,"16 hours after injecting the astrazeneca booster, thank God it's still okay without any side effects. The place of the prick hurts a little. bak kata ajikk, kita pureblood astrazeneca, tu takde effect pape."
249,"Astrazeneca Vaccine, aid from Japan arrives, supports Indonesian Archipelago"
250,"3‚É£0‚É£play_buttonÔ∏è... astrazeneca vaccine, aid from Japan arrives, supports Indonesian IKN"
251,"1‚É£8‚É£play_buttonÔ∏è... astrazeneca vaccine, aid from Japan arrives, supports Indonesian IKN"
252,"6‚É£play_buttonÔ∏è... astrazeneca vaccine, aid from Japan arrives, supports Indonesian IKN"
253,pushpinblack_nibbooster done . alhamdulillah done cucuk booster soo fast &amp; teratur td dekat ppv mitec thanks team ya sgt tip top servis mereka folded_handslight_skin_tone . #boostervaccine #vaccine #jkjavmy #astrazeneca @ mitec kuala lumpur
254,3xaz syringe done booster #teamaz #astrazeneca flexed_bicepslight_skin_tonevictory_handÔ∏è
255,"astrazeneca 1, 2, 3 star-struck @ axiata arena"
256,done with my booster jab... #boosterjabdonesyringecheck_markÔ∏è #astrazeneca @ ioi city mall
257,boosted by astrazeneca. quick &amp; efficient. but damn this building is fucking creepy. boleh buat location zombie‚Äçmale_signÔ∏èhorrorghost movie. #yestovaccination #lifeatthetimeofpandemic #covidvacccinebooster
258,"Injecting moderna, no symptoms at all, outside is arm pain, a little aches. But injecting astrazeneca thought death, musculoskeletal pain, chills, high fever, the side effect was really different."
259,"alhamdulillah, received my booster dose. can‚Äôt wait 4th dose smiling_face_with_heartssyringe #iamphenomenal #astrazeneca #cucukmyaz #vacinneday @ putra world trade centre"
260,alhamdulillah finished smiling_face_with_smiling_eyes #20012022 #thursday #booster #astrazeneca @ jasin police housing hall
261,"4th needle boost, how good, but no options, astrazeneca only intramuscularly, hey thinking_faceface_with_open_mouth‚Äçdashing_awaywoozy_facefrowning_faceÔ∏èface_with_medical_mask"
262,done jab booster love-you_gesturelight_skin_tone #boosterdose #booster #astrazeneca #covid_19 #ppv #pwtc #fyptt
263,#astrazeneca needle 3
264,"Moreover, the initial phase of our physical development is also in emphasis since that time with the help of ji. Yes, take a look. #covidisaplan #pmoisgreat #covid19 #covid #astrazeneca"
265,"alhamdulillah .. done booster shot ... syringesyringesyringe #astrazenecaclan #astrazeneca @ ppv axiata arena, stadium nasional bukit jalil"
266,"oowwhh, you can choose what booster you want either cominarty or astrazeneca .. so we choose the same booster as the previous vaccine smiling_face_with_sunglasses"
267,so you can get yourself vaccinated - booster dose #expocenterkarachi #moderna #vaccination #astrazeneca #pfizer #vacinationinkarachi
268,alhamdulillah finished getting #booster #astrazeneca may god protect us all & amp; we are always healthy. insyaallah ~ thank you & amp;
269,1. pfizer 2. pfizer 3. astrazeneca hopefully more handsome after this smiling_face_with_sunglasses #boosterdose #covidvaccine
270,people circulating rumors that #omicronvarient has reached #aden. while i did not got my second shot #astrazeneca #vaccine what shame #covid19 #yemen #health #covid19 #viruscorona #coronavirusupdates #yemencantwait #help #saturdaymorning
271,turtle fever; astrazeneca syringe handle
272,third dose done #booster #vaccinated #astrazeneca
273,"The astrazeneca company released a study revealing that the az vaccine was used as the 3rd dose from the first two injections of all forms. Both dead germs, viral vectors, and mrna can boost immunity against all strains of coronavirus, including Delta and Omicron."
274,folded_hands get used to reading batam vaccine info ______ nb : ‚Ä¢ photocopy of ID card below ‚Ä¢ black pen _______ #infokotabatam #infobatam #batamnews #vaksin #astrazeneca #sinovac #moderna #vaksinbatam #batam #booster
275,"folded_hands get used to reading batam vaccine info, please come to the location ______ nb : ‚Ä¢ under photocopy of ktp / KK ‚Ä¢ black pen _______ #infokotabatam #infobatam #batamnews #vaksin #astrazeneca #sinovac #moderna #vaksinbatam #batam"
276,#boosterdose #astrazeneca
277,well-organized #ppv @ tapak pesta #pulaupinang .. choice all 3 #booster shots syringe offered.. #pfizer #astrazeneca &amp; #sinovac .. 1/n
278,"Review of stimulating with moderna 3 needles, 1 night passed, only arm pain. No other symptoms at all. At the first dose, astrazeneca was much more brutal. grinning_squinting_face."
279,same day with #surihatiku but different location for booster dose ..... we have #boosterdose #vaks√¨ncovid19 #surihati stay with #astrazeneca @ umno trade center bhgan shah alam
280,If it's #astrazeneca now it's getting hot #covid19 vaccine #covid19
281,"boosted by today. thank you to all involved members willingly, ppv officers &amp; The doctors at the PPV Council of the people are luxurious. #boosted #cucukmyazbooster"
282,"booster dose appointment astrazeneca @ bmc mall cheras, selangor"
283,"astrazeneca booster ghost @ dewan banquet upm upm serdang, selangor"
284,done my booster jab #astrazeneca #booster
285,"Go to temple, drink and drink, vaccine is injected #icanpixmakers #unclecancafe #rotten #review 2022 #sinovac #astrazeneca #pfizer @ Konsan Hospital Chaiyaphum"
286,"who is the earliest gang to get the astrazeneca vaccine but still can't appt date for booster, we are the face_with_rolling_eyes gang"
287,finished #booster jab at the place where life is ashamed to die don't want this. kind of catch fit ye ‚Äã‚Äãtoo. #astrazeneca #vaccinationdonecheck_markÔ∏è #covid_19 @ johan setia lrt3 depot
288,astrazeneca booster shot
289,take rest cup_with_straw after #booster syringe #kopilo #bungkuskawkaw #subangparade #astrazeneca #covid19malaysia #staysafe @ bungkus kaw kaw
290,Thank God the mate is still intact with Astrazeneca..
291,i guess astrazeneca your booster
292,"based on data shared from 122 omicron infected the 26 received astrazeneca vaccine, moderna one, pfizer 57, sinovac six, in addition to the recipient of the booster dose of pfizer six & amp; sinovac eight, and 17 were not vaccinated. The bad synovac is also less infected."
293,writing_handÔ∏èwriting_handÔ∏èwriting_handÔ∏è dulu astrazeneca kini‚Ä¶ booster pfizerflexed_bicepsflexed_bicepsflexed_biceps #kitajagakita #covid_19 #kkmmalaysia #pzifer #astrazeneca
294,#Hurry #Vaccine #Third inoculation Venue Nau #Shopping center #Concourse. It was #AstraZeneca. #astrazeneca # covid19vaccines #boosterjab #malaysia
295,Boots Khem 3 get it syringesyringe #astrazeneca @ Phatthalung Hospital
296,#vaccinated pick up astrazeneca pin 1 at central westgate open walk-in 12:00-14:00 arrive 12:21 finish 13:41 including observation time
297,"vaccine 1: sinovac check_mark_button vaccine 2: astrazeneca check_mark_button vaccine 3: pfizer check_mark_button great, nano-nano flavored vaccine~"
298,07 jan 2022 1100am booster vaccine...astrazeneca
299,boosted by pfizer astrazeneca + astrazeneca + pfizer flexed_bicepsmedium-light_skin_toneflexed_bicepsmedium-light_skin_toneflexed_bicepsmedium-light_skin_tone #boosterjab
