,Datetime,Tweet Id,Text,Username
0,2022-02-10 13:57:34+00:00,1491773340054601728,@ANI Night curfews were a joke anywaysü§£,TheAeroStar
1,2022-02-10 09:37:10+00:00,1491707806617317381,"As per Team, #BheemlaNayakOnFeb25th only if Night Curfews lifted and also if 100% Occupancy limit is allowed in AP. Irrespective of Ticket Rates. 

Obviously Same applies to #RadheShyamOnMarch11 #RRRonMarch25th",AndhraBoxOffice
2,2022-02-10 07:49:57+00:00,1491680826001559558,"Be it riots in Kosi Kalan or Muzaffarnagar, Saharanpur, or Aligarh, there was a chain of riots during anarchical governance of previous govts. They imposed curfews, conducted riots, didn't let people celebrate festivals; Kanwar Yatras were stopped: UP CM Adityanath in Saharanpur https://t.co/h5CU88BA6z",Oneindia
3,2022-02-10 07:42:22+00:00,1491678917417369605,"Be it riots in #KosiKalan or Muzaffarnagar, Saharanpur, or Aligarh, there was a chain of riots during anarchical governance of previous govts. They imposed curfews, conducted riots, didn't let people celebrate festivals; #KanwarYatras were stopped: UP CM #Adityanath in Saharanpur https://t.co/fazB6482J4",MBCTVODISHA
4,2022-02-10 06:57:23+00:00,1491667597821038592,"Be it riots in Kosi Kalan or Muzaffarnagar, Saharanpur, or Aligarh, there was a chain of riots during anarchical governance of previous govts. They imposed curfews, conducted riots, didn't let people celebrate festivals; Kanwar Yatras were stopped: UP CM Adityanath in Saharanpur https://t.co/3Bc0COIUql",Indsamachar
5,2022-02-10 06:49:24+00:00,1491665586836754432,"Be it riots in Kosi Kalan or Muzaffarnagar, Saharanpur, or Aligarh, there was a chain of riots during anarchical governance of previous govts. They imposed curfews, conducted riots, didn't let people celebrate festivals; Kanwar Yatras were stopped: UP #CMAdityanath in Saharanpur https://t.co/nIzIOEnSlM",Kalingatv
6,2022-02-10 06:47:53+00:00,1491665205545242625,"Be it riots in Kosi Kalan or Muzaffarnagar,Saharanpur,or Aligarh,there was a chain of riots during anarchical governance of previous govts.They imposed curfews, conducted riots, didn't let people celebrate festivals; Kanwar Yatras were stopped: UP CM #YogiAdityanath in Saharanpur https://t.co/hSWyjDOyah",Zee24Kalak
7,2022-02-10 02:03:03+00:00,1491593525154435072,"Internet shutdowns and curfews cannot stop this logistics company from reaching all parts of Kashmir Kashmir has a lot to offer, but being a conflict zone has often created large gaps in the logistics and supply chain net... #ETPrime by #EconomicTimes https://t.co/UZ1Uu0eF5Z",MarketsCafe
8,2022-02-09 12:09:36+00:00,1491383780162293761,@ARanganathan72 @richaanirudh I never saw a kawad yatra without curfews in Uttar pradesh untill 2017.,a_pragyan
9,2022-02-09 06:04:15+00:00,1491291836455223296,"#Covid_19 played huge role in ruining the #Valentinesweek ! Like we cant even lie to go out for dinner,  as of curfews!!  ü§∑üèª‚Äç‚ôÄÔ∏èü§£",Honeyyyysonii
10,2022-02-09 03:27:55+00:00,1491252495733366788,"Ottawa: Amid ongoing protests in Ottawa, India has advised its citizens living in Canada and those planning to visit the country to avoid areas where demonstrations are taking place, urging them to follow instructions of local authorities, including curfews. ‚ÄúIn view of the ongoi https://t.co/2kMclmIHRd",Deccan_Cable
11,2022-02-09 02:28:00+00:00,1491237417067884546,"Amid ongoing protests in Ottawa, #India has advised its citizens living in #Canada and those planning to visit the country to avoid areas where demonstrations are taking place, urging them to follow instructions of local authorities, including curfews. https://t.co/W6IwiwoZC1",Indsamachar
12,2022-02-09 02:17:54+00:00,1491234873352536064,"Amid ongoing protests in #Ottawa, India advised its citizens living in #Canada to avoid areas where demonstrations are taking place, urging them to follow instructions of local authorities, including curfews. 
#COVID19 #TruckersForFreedom2022 
Read:
https://t.co/ue6qgutBOU",IndiaAheadNews
13,2022-02-08 18:50:10+00:00,1491122196537774082,"High Commission of India in Ottawa, Canada: Amid ongoing protests in Ottawa, Indian citizens in Canada&amp; those planning to visit are advised to avoid areas where demonstrations are taking place such as downtown Ottawa; follow instructions of local authorities, including curfews",sirajnoorani
14,2022-02-08 18:12:50+00:00,1491112801875918855,"High Commission of India in Ottawa, Canada: Amid ongoing protests in Ottawa, Indian citizens in Canada&amp; those planning to visit are advised to avoid areas where demonstrations are taking place such as downtown Ottawa; follow instructions of local authorities, including curfews",ANI
15,2022-02-08 17:26:31+00:00,1491101147255701506,"The Indian Covid-19 vaccine has perfect work life balance: Doesn't work at night, and chills on weekends.

Night, and weekend curfews make perfect sense @narendramodi",shuddhHOH
16,2022-02-08 10:24:58+00:00,1490995060162580482,"@guptanagu8 @prasadsunny557 @RRRMovie nuvvu undara aadu oorike rechagoduthunnadu
inka north lo night curfews etthale konni states",tamarind147
17,2022-02-08 08:14:07+00:00,1490962131030011904,"@VasaiVirarMcorp @collectorpal when will you lift all covid restrictions??

Specially night curfews ??",Sultankasher
18,2022-02-08 06:29:15+00:00,1490935741752692738,"Speaking at a poll rally in UP's Muzaffarnagar, Yogi Adityanath asked supporters whether they wanted a government of ""curfews"" or a government of ""kanwar yatras"".
@myogiadityanath @BJP4UP #Election2022 #UPElections2022 #newstimestoday https://t.co/IR5ozbpFt5",newstimestoday
19,2022-02-08 04:22:02+00:00,1490903725258735616,Those who live in night curfews cannot throw statements‚Ä¶. https://t.co/i5mKEVlkXS,ravithinkz
20,2022-02-04 08:52:30+00:00,1489522238357266434,"@mohakmangal I think they thought that someone will come and sneeze in their cars.
I request the Nobel foundation to give noble prize to someone who takes the decision to stop night curfews and also let shops to stay open for more time.",ashmeetsinghd
21,2022-02-03 05:57:24+00:00,1489115784680931332,"Cinemas in #WestBengal have now been permitted to operate at 75% capacity instead of 50% stipulated in January this year following the rise in Omicron cases. As night curfews will be imposed daily from 11 p.m., the cinemas will need to complete the night shows by that time.",MacroBollywood
22,2022-02-02 15:37:49+00:00,1488899465113001988,"@Chandra46728875 @T2BLive Night curfews lift cheste feb11th,ledante 18th anta bro",Chaitanya__dhfm
23,2022-01-12 15:13:45+00:00,1481283262513573891,"Night curfews &amp; weekend lockdowns is a smart strategy.

This will make Coronavirus quit being a freelancer &amp; start working from 9 to 5, which eventually will make it uninterested in doing its job. Mission accomplished. ‚ú®",SiddiquiShoeb
24,2022-01-12 03:57:22+00:00,1481113045195964417,"Eeey Night curfews valla use ento ardam kadu revenue bokka tappa, 50% occupancy upto some extent ok , spread taggacchu .. https://t.co/7et70cMH3U",Harysforu
25,2022-01-09 16:13:48+00:00,1480211211291541504,@jayeleazars @mikejava85 Yes weekend curfews. By next week even here they might impose it. This time they are convinced of being well prepared for the wave.,23denzil97
26,2022-01-09 07:59:40+00:00,1480086859061497856,@nilzalte If you ever lived in Mumbai then you'll understand the meaning behind these night curfews. It's the time of the night for rich idiots.,creativebug24
27,2022-01-08 06:30:34+00:00,1479702048270471168,"Pls don't impose any lockdown n curfews .. untill I see Spider No way Home movie....

@spiderman",MushtaqAnsari80
28,2022-01-07 17:49:55+00:00,1479510623587164167,"@rahulpuri Shouldn't either. This has become a way of life now, and the virus is going to be here. Lockdowns and night curfews are not a solution.

But the govt will announce it shortly, my guess - in next 48 hours",thekakkad
29,2022-01-05 16:29:51+00:00,1478765700202131456,"Main stream media has failed  misrebly on  criticising unscientific lockdowns ,curfews  and closer of  soft targets like pvt sector, hospitality while not even uttering a word on rallies, religious gatherings etc https://t.co/3tIkycFX3T",shrenik2000
30,2022-01-04 02:00:43+00:00,1478184585120780293,"Capacity in all Public places, Theaters, parks,offices, buses, hotels etc to be brought down to 50% of occupation like to start with.
Unless you start this you can't be better positioned to avoid total Lockdown &amp; Curfews .  As a first step let these restrictions be upto Feb end",pcdhyd
31,2022-01-02 09:09:15+00:00,1477567657020850181,"#COVID19
Some ""experts"" say we should not worry too much about #Omicron and live life normally - they only recommend wearing masks.
Others are raising a scare and recommending extreme measures like night curfews, travel restrictions, #lockdown etc. https://t.co/8lsWMohLVk",w_karve
32,2021-12-31 17:00:42+00:00,1476961523717136384,"Mix and Match or Don't, Boosters Help: WHO Chief Scientist Says Vax, Masks Almighty, Not Night Curfews https://t.co/N3UBDOAhqm",mahendra3
33,2021-12-31 14:19:31+00:00,1476920961928609793,"This is a slap on the face of Indian Authorities who dictate &amp; justify night curfew, left, right &amp; center (provided they understand )

No science behind India's night curfews: WHO scientist https://t.co/DilXhhx7OC @deccanherald",tusharwase
34,2021-12-30 12:58:54+00:00,1476538283404365826,"@TelanganaDGP @hydcitypolice Good Sir
Probably Night curfews would be better from tomorrow onwords for some days.
Authorities to ensure implementation of COVID App Behavior, very much failing. Trains/buses/temples/Public places very much unorganised, no proper, even minimal care to facilitate COVID App B ?",pcdhyd
35,2021-12-28 13:50:59+00:00,1475826618106990594,"Don't the restrictions and curfews apply on "" U.P"" elections rally ‚ùì

#UPElections2022 
#NawabMalikMyHero https://t.co/TQpjKDOBwD",sspatilspeaks
36,2021-12-27 20:15:52+00:00,1475561086136979457,"@BDUTT Also I'm apolitical and it's not just the govt. to be blamed, it's the citizens and so called ""intelligence"" of these citizens. I just hope for once there'll be intelligent India and the govt. wouldn't have to put night curfews. Looking forward to see the ""intelligent"" India.",modernbawarchi
37,2021-12-27 10:53:20+00:00,1475419521351487490,@DPrasanthNair @Nidhi I am not doctor but night curfews means night shift gone limited hours for work and essential shopping and all workers at same working hours. Which is clear invitation for crowd at public places.,Akhlakh27255540
38,2021-12-26 17:45:32+00:00,1475160865343098884,"How do night curfews help??
When buses trains malls roads  all are overcrowded all day? https://t.co/s974CKYVLh",Rajev_Paul
39,2021-12-25 16:10:56+00:00,1474774672445100035,"Night curfews, public places restrictions ü•Å https://t.co/QxaD1HVl1c",THARUNXLR8
40,2021-12-24 18:09:40+00:00,1474442162787946500,Serious question - how do night curfews help in reducing spread of #COVID19?,SanjaykumarDGi1
41,2021-12-24 08:58:51+00:00,1474303548699537410,@kushal_mehra Night curfews by any state is a joke...this guys r not ready to learn thatnone of this measures work except vaccination.,prince_man11
42,2021-12-20 14:41:49+00:00,1472940304118419461,"@Ronisonit @yuval_abraham What is the main cause of hatredness? Wyy homes n schools and gatherings nurture hatred? Certainly there's reason for it.believe me nobdy wants trouble, nobody likes killings n curfews.what is this life always fighting n fighting. Man I love life &amp; freedom, tell me Who does notüòü",Mehr__19
43,2021-12-14 10:57:32+00:00,1470709536931532800,Monna Omicron case vacchinattu undi ga....time for night curfews annamaata.. https://t.co/ASWb39dU3j,Sharat1408
44,2021-06-26 18:34:27+00:00,1408856198716092423,Now this is getting too much. Govts are overdoing lockdowns and curfews. Covid is going to be here forever. Are we going to live like this only all our life? https://t.co/hmlFg5rRKm,sandesh_samant
45,2021-05-12 04:34:32+00:00,1392337371438321666,"@guptanagu8 Vallu Feb 2nd week nundi curfews start chesaru..
Manam May first week So inko two months lo control ayipodhi GuptaüôèüòÄ",ahiteja
46,2021-05-06 17:52:27+00:00,1390363846188036098,"@sugandh curfews doesn't help much.. Hyderabad needs containment zones with complete restrictions on movement till the recovery in those areas
@drgsrao @DphTelangana",RajeshTaduri
47,2021-05-04 22:19:24+00:00,1389706253404819456,"#India may see 3rd Covid wave, no point of night curfews, weekend lockdowns: #AIIMS chief #randeepguleria - #CoronavirusPandemic Outbreak News
#COVIDEmergencyIndia 
#COVIDSecondWave
https://t.co/L6fLWb4SVl",ILoveBooks786
48,2021-04-26 09:55:28+00:00,1386619930733211652,@thesaudadeguy Or change sat sun into working days as the weekends are curfews anywyas and the other days to chill :-),janaabzeo
49,2021-04-23 14:46:19+00:00,1385605961784598532,Your efforts are greatly appreciated and really hope Telangana will be the first Covid-19 free state of India with a little more restrictions and more of hours for curfews. üôèüëç https://t.co/coujdADcD3,sofia__TRS
50,2021-04-22 17:22:10+00:00,1385282795732303872,"@Abuinsaan Exactly. And even now, I see people violating curfews and just meeting friends and it greatly upsets me because they're the same people who will regret that the minute someone tests positive and get into discussions ‚Äúwhere do you think you got it from‚Äù?",NehaPanchamia
51,2021-04-20 13:30:17+00:00,1384499665874288644,"@itea4us I really wonder how these night curfews are effective in controlling the spread In TS. These are effective in delhi &amp; mumbai as it breaks night party culture.  But here we don't have much, it's just only in pockets in Hyderabad
@TelanganaCMO @SomeshKumarIAS",RajeshTaduri
52,2021-04-19 05:54:46+00:00,1384022642605268996,Why do we announce curfews suddenly?? Now people will rush for groceries and the helplessness will increase? #DelhiCurfew,rons1212
53,2021-04-16 03:34:16+00:00,1382900120383942656,"Arre but this Maja govt still thinks giving dhamkis to small businessmen about imposing curfews and lockdowns is justified. These people are insane, the amount of partisanship they're displaying is blatant https://t.co/JpY69A4ABj",varswam
54,2021-04-14 09:57:00+00:00,1382271661039226882,@MumbaiPolice Can I travel to meet my mother a senior citizen for her wellbeing and delivering essentials to her between Mira Road and Kandivali West during the curfews that begin tomorrow?,irav_4
55,2021-04-12 10:10:43+00:00,1381550338658869248,"@_BhagalSanju Modi in the Morning üåÑ
- Mitron, 3 Massive Rallies in Bengal today &amp; Kumbh Mela in Haridwar

Modi at Night üåÉ
- Mitron, follow 'night curfews', be careful, stay at home and avoid crowded places

Does Modi have dual personality disorder? üôÑ https://t.co/EZ1gnsfyKn",salafi_rakibul
56,2021-04-12 08:48:57+00:00,1381529762082918402,And y‚Äôall laugh about Night Curfews? https://t.co/U4cGkEjzK0,Handle_Rahul
57,2021-04-12 07:38:12+00:00,1381511955727282176,"@ANI So cute, whole country is being completely screwed up by the virus. Everyone is fined, cities are going lockdown and curfews and this.",vijayrnair
58,2021-04-11 15:14:30+00:00,1381264400573603842,Daily increasing the Covid cases any plans have control in Telangana state? Remidesiver injection stocks have in hospitals..any curfews in night session? Weekend lockdown there in Telangana sir? #askktr  @KTRTRS,Malleshdatrika1
59,2021-04-11 07:12:23+00:00,1381143073103568896,"During night curfews and partial lockdowns, what happens to the passengers reaching their destinations by train/bus during nights?  #COVID19",oneflydown
60,2021-04-10 04:08:10+00:00,1380734324949938189,Very interesting tweet by Anmol Ambani and it is true that the common people are affected by lock downs and curfews so there should be a way where common people are protected for their daily livelihood https://t.co/TjfPY1KQJd,nkashokv
61,2021-04-07 14:42:13+00:00,1379806725109379072,Please either lockdown d nation completely or keep everything open. This slow poison of curfews are making things worse. There is more confusion in people. @PMOIndia @AmitShah @CommissionerSMC @vijayrupanibjp @sanghaviharsh #CoronavirusIndia #CoronaSecondWave,abhinavg298
62,2021-04-07 12:02:12+00:00,1379766454640209925,"List of Most Stupid COVID restrictions 

üëâ Wearing a mask when you are alone in your own car
üëâ Night Curfews which increases crowding in day time 
üëâ Forced quarantine of -ve tested healthy people in hotels
üëâ Shutting down small businesses which kills livelihoods",RafeeqMohamme19
63,2021-04-07 09:17:39+00:00,1379725047128944644,"List of Most Stupid COVID restrictions 

üëâ Wearing a mask when you are alone in your own car
üëâ Night Curfews which increases crowding in day time 
üëâ Forced quarantine of -ve tested healthy people in hotels
üëâ Shutting down small businesses which kills livelihoods
@dhruv_rathee https://t.co/59ox70qMMB",salafi_rakibul
64,2021-04-07 06:47:48+00:00,1379687335894249478,@anandmahindra @CMOMaharashtra Sir dhoka hua hai. Essential shops are open even in strictest of curfews. So where is the question of partial lockdown where all shops barring essential are closed. We have paid a year's rent. Small shops are hit badly. It's a full lockdown in practice.,prank__
65,2021-04-07 05:32:24+00:00,1379668359382396932,"Are night curfews are going to control Covid?
How many people moves out in groups, now even restaurants and multiplexes are closed and there are police patrolling team to catch violation of norms. Vaccines and social distancing is only way ahead #COVIDSecondWave #BreakTheChain",NareshKataria14
66,2021-04-06 07:16:53+00:00,1379332263842750466,@MumbaiPolice @CMOMaharashtra why the shops are closed now today in afternoon hence curfews from https://t.co/Y4v91prJCo ..... very surprising and no government announcements. https://t.co/tYpZLV1Som,MohdImr53886328
67,2021-04-04 18:52:01+00:00,1378782424172216321,"Mumbai‚Äôs economy can no longer afford curfews &amp; lockdowns. Unfortunately, GoM was left with no option.

It‚Äôs up to @mybmc &amp; all of us to get our act together &amp; avert an escalation. Mask up, build capacity &amp; vaccinate aggressively.

Let this be Mumbai‚Äôs last &amp; final lockdown.",Rajesh_B_Kusale
68,2021-04-04 18:29:07+00:00,1378776662582566912,"In Pune 
1: Night Curfews from 6pm to 6am 
Now: Weekend Lockdown 

Right now punekars. https://t.co/iwpNdjWFWT",itsudayraj
69,2021-04-03 16:13:33+00:00,1378380158344699904,"@TOIMumbai And we have night curfews, i mean, who goes out and spreads virus at the time of sleep?? Shouldn't the curfew be for the day time?",lilesh_bansal
70,2021-04-03 11:55:02+00:00,1378315102349193224,"@uddhavthackeray @OfficeofUT look at the traffic and the no of people at the shops at 5 30 pm. What is the logic behind of putting such curfews after 6pm? 
Enforcing better rules during the day will be a better idea. https://t.co/sBm9rCMxd5",adwaitvm
71,2021-03-29 09:10:26+00:00,1376461739504459782,"#Lockdown is easing in the UK and US, while we in #India are heading towards curfews &amp; lockdowns. 

Loha garam tha, marr dena tha vaccine ka hatoda. (Iron was hot, should hit it with #vaccine) 

We red-taped our way into this mess. 

#LargestVaccineDrive

https://t.co/zHYQjEZtuN",vinaysuchede
72,2021-03-28 18:07:28+00:00,1376234498413666305,"But Government never thinks about peoples.
Safety of citizens is the duty of government, but giving opportunities to citizens isn't the one?
All the bussinessmen are fed up of lockdown and curfews, more vaccination isn't the solution to our government?",91b599f9732a4d8
73,2021-03-28 16:37:23+00:00,1376211830696144899,"Maharashtra Govt should enforce periodical day curfews instead of Night curfews to curb spread of Covid 19. More public gatheres day time, not in night'",RPVEETTIL1
74,2021-03-28 02:24:42+00:00,1375997246270017538,"These night curfews sound so illogical when almost everyone is back home. Does Covid roam like a ghost in dead of Night and hides due to fear of public during day time...? 

#nightcurfew #morningthoughts",Pankajasawa
75,2021-03-27 04:21:12+00:00,1375664176064946177,As usual ... action taken without thought ! No clarity in timing of curfews as well clear guidelines on whats allowed/disallowed ! And why no complete lockdown atleast for the long weekend of you are so serious about controlling pandemic? @mybmc @CMOMaharashtra #nightcurfew https://t.co/9myHfc599E,atulk2007
76,2021-03-26 17:37:20+00:00,1375502139674427393,"Night curfew is a reminder that the state still controls your movement. 1 year completed &amp; we are still imposing #curfews. 

It's NOT abt #BJP-#Congress-#ShivSena, it's about the idiocy of #political parties across spectrum trying to impose things. #nightcurfew #Mumbai #pandemic",meee_mumbaikar
77,2021-03-23 06:36:50+00:00,1374248754539163650,"Schools closing down, night Curfews, 
Im getting a Deja Vu",bezargi
78,2021-03-19 14:16:42+00:00,1372914932644081665,"Maximum City is giving us Maximum Cases. Time for us to mask up or we are staring at night curfews, local lockdowns and the mess we managed to almost come out after a year. If not about anyone please think about the kids. Having a 7 year old son I know how tough it is on them...",hiralbdesai
79,2021-03-07 16:15:36+00:00,1368596201516396544,@garg_trupti @manishjain1234 @DarshanNPopat Why...the fatality rate is lower then in peak times. I don't see a reason for panic now also..lockdowns or night curfews r useless neways.,prince_man11
80,2021-03-04 15:39:36+00:00,1367499979112259590,"@Ibhupi_31 @RachitaSharma4 @navimumbaicv @CIDCO_Ltd @Navimumpolice @NaviMumbaiCity @CMOMaharashtra @MantralayaRoom Yes, I never go to these markets. But the moment cases increase, we have to face curfews and lockdown and restrictions from society.
That's what bothers.",renusubramaniam
81,2021-02-23 15:54:16+00:00,1364242179959316487,"As the Elections had been ended in Gujrat.
Now corona cases will be increasing day by day and they will put curfews.
#kuchbhi #PoliticsToday #GujratElection",beinghimanshu0
82,2021-02-20 17:28:20+00:00,1363178689890906113,"As Maharashtra sees renewed COVID-19 spike, local authorities impose weekend lockdowns, night curfews https://t.co/0pzt978PKK",ILoveBooks786
83,2021-01-03 05:05:46+00:00,1345597199460155392,"Instead of letting our govts impose more nonsensical lockdowns &amp; curfews, this is what we need to pressurize them to do. 

Also this goes without saying. #Fuckyouccp #CKMKB #CCPVirus https://t.co/pJulf2n2dn",varswam
84,2021-01-02 06:20:44+00:00,1345253674646343688,"Stupid decision once again by a foolish govt.
At a time when UK itself is imposing stiffer lockdowns and curfews in English cities and towns due to ever increasing cases, these idiots sitting in Indian govt lifting the flight  ban! https://t.co/6YV6kfRQaz",mohsin2908
85,2020-12-26 06:07:51+00:00,1342713720229818369,"New Year bIz may crash 65-70% on night curfews. Early celebrations, sundowners, staycations on offer; industry to urge states for exemption.

#Hospitality #hospitalityindustry #NewYear #Curfew #nightcurfew https://t.co/b5137Bxr4O",FhraiO
86,2020-12-22 03:39:19+00:00,1341226789029380096,1) All International Travel across the World should be stopped for 15 days to avoid transmission of new virus. 2) Fine Individuals not wearing masks. Wash hands. Keep distance. No Lockdowns or Curfews within India as that directly hits our Economy @narendramodi,priyagupta999
87,2020-12-21 13:47:22+00:00,1341017420362747905,@khushbookadri @ANI Exactly. UT said there wont be any curfews,thekakkad
88,2020-12-12 09:17:49+00:00,1337688094678548480,Bmc everything is going well but bmc want some big fund for hospitals and all thats the reson they doing such daily case come under 800 but bmc need night curfews wah ji wah. https://t.co/fjGm3rbkdy,MohnaazS
89,2020-12-11 18:02:30+00:00,1337457746447200256,"@RoadsOfMumbai A curfew instills fear. It's a deterrent. A harsh step, but it works psychologically.

I've seen our curfews during June-July and they worked to some extent.",ShivamVahia
90,2020-11-28 10:44:02+00:00,1332636361069793282,"HIMACHAL PRADESH
Not a lockdown üîì just a üåÉ night curfews
For more details, visit us at https://t.co/KZqZ1mMqY2 https://t.co/FSsashwFfx",DestExplore
91,2020-11-28 10:43:37+00:00,1332636256426070016,"HIMACHAL PRADESH
Not a lockdown üîì just a üåÉ night curfews
For more details, visit us at https://t.co/NZ2y37hlVu https://t.co/6ZIm4MU4Nu",ParaagSawant
92,2020-11-24 15:25:07+00:00,1331257545567002626,What‚Äôs the logic of night curfews ?,hrnext
93,2020-07-27 21:47:41+00:00,1287867277845512192,@CPPuneCity Are there any curfews now?,hell_storm2004
94,2020-07-20 14:14:18+00:00,1285216466489335808,"@subhomoyb Each state trying a new trick. Lockdown on weekends. Lockdown for a week. No lockdown. Night time curfews.

The diversity is awesome",khanamirullah
95,2020-07-12 07:49:34+00:00,1282220540824936448,"Prolonged curfews restrict people movement,mobile and internet service shutdowns curb free expression,&amp; protestors often face excessive force and the use of abusive weapons such as pellet-firing shotguns‚ÄìAmnesty International
#KashmiriLivesMatter #EndMilitaryAtrocitiesInKashmir",AleemIlahi
96,2020-06-22 13:21:21+00:00,1275056282727149568,Sir @CPHydCity in social media one news is circulating regarding curfews timings ..any updates regarding this @hydcitypolice @KTRTRS https://t.co/HRSgf34PuF,ADVOCATE_2022
97,2020-06-03 01:28:50+00:00,1267991602691289088,"George Floyd protests: curfews set in with US soldiers reportedly poised outside Washington ‚Äì live

https://t.co/E3cwosz0Cy",ILoveBooks786
98,2020-06-02 23:37:33+00:00,1267963594429198336,"M A L E G A O N 
is a currently offline
@imtiyazshafique
@leonidos210 
@azharjameelofficial 
@WeAreMalegaon
#abuzercroft #lockdown2020 #lockdown5 #curfews #indianpoliceservice #locking4life #breakthechsin #curfewchallenge #jantacurfew #jantarzinho #incredibleindiaofficial https://t.co/KiFPfU3c6u",CroftAbuzer
99,2020-06-02 14:17:10+00:00,1267822572374159361,"@HFWOdisha Sir, I was wondering if the airport will function on Saturday/Sunday amid of curfews . And if yes, how people will travel to their destination after landing? if no will you notify the carrier to cancel the flight from the source. Requesting to throw some clarity. Regards.",Routweet
100,2020-06-02 13:20:10+00:00,1267808224192987139,I‚Äôm watching so many decisions be made to stop the looting &amp; rioting. National guard has been called in...curfews are being moved around. How about arresting the other officers that were involved in the death of George Floyd. ü§∑üèæ‚Äç‚ôÇÔ∏èü§∑üèæ‚Äç‚ôÇÔ∏èü§∑üèæ‚Äç‚ôÇÔ∏è How about Justice???,AzhanAnsari20
101,2020-05-31 05:47:50+00:00,1266969615889907712,"Where is #SocialDistancing now
#US continues to face the #coronavirus
Wrath and still people roam the roads 
""Tear gas used to enforce curfews as protests continue across the US""
#Floyd https://t.co/I5OCx4ZiEr",VU3UJM
102,2020-05-12 04:48:20+00:00,1260069275307401217,@prashantnimse @PMOIndia @narendramodi And I have observed in Kerala people have civic sense and they don‚Äôt come out in numbers during curfews or lockdowns in the past. They follow government‚Äôs protocol. Even the ones who dislike the govt even they don‚Äôt spew venom that what govt is suggesting is wrong.,rvlmr89
103,2020-05-03 15:16:23+00:00,1256965836415238148,"Amit shah modi kasmir policy has failed loss if a colonel and major of indian army  and 3 others indeed tragic 
When article 370 revoked amit shah modi claimed terrorism will end with 10 ka security people lockdown curfews daily we have incidents amit shah should resign https://t.co/EOqGXZ7J4c",Anupbhatia7
104,2020-04-30 12:49:12+00:00,1255841632089288704,"@SakshiHDTV Good Advice but in another way it is sounding like AP govt will lift Lockdown soon - so No Responsibility of govt ? It Looks like Die your Death , We want State Govt revenue Avenues by opening up Curfews ? A Proper Chief of State should say Measures to contain it &amp; tighten it https://t.co/Y4lJv9kT56",HydWatch
105,2020-04-23 10:53:25+00:00,1253275780303351808,"lockdown is for noobs 

Brown kids are used to curfews at home. 

It‚Äôs 10pm gtg!",Yashhh_shah
106,2020-04-23 04:24:01+00:00,1253177786899918848,"@CBSNews @plalor Almost all political leaders  are at sixes and sevens in handling the coronavirus epidemic in their regions.
The only weapons they seem to have - and which they keep swinging with - are extended lockdowns and curfews !",DEArdeshir
107,2020-04-15 07:33:33+00:00,1250326379754696709,"@Anonymo9892 @MeMumbaikar8 @saurabhv99 @divyeshas #BandraProtest Video from all angles!

Pls stop mass gathering its violation of Epidemic Law &amp; Curfews!
Pls follow #SocialDistancing

‡§Ü‡§ú ‡§π‡•Ä ‡§¶‡•á‡§∂ ‡§Æ‡•á‡§Ç ‡§≤‡•â‡§ï‡§°‡§æ‡§â‡§® ‡§¨‡§¢‡§º‡§æ‡§®‡•á ‡§ï‡§æ ‡§è‡§≤‡§æ‡§®,‡§Ü‡§ú ‡§π‡•Ä ‡§π‡§ú‡§º‡§æ‡§∞‡•ã‡§Ç ‡§ï‡•Ä ‡§≠‡•Ä‡§°‡§º

‡§ï‡•ã‡§∞‡•ã‡§®‡§æ ‡§ï‡•á ‡§∏‡§¨‡§∏‡•á ‡§¨‡§°‡§º‡•á ‡§π‡•â‡§ü‡§∏‡•ç‡§™‡•â‡§ü ‡§Æ‡•Å‡§Ç‡§¨‡§à ‡§Æ‡•á‡§Ç ‡§≤‡•â‡§ï‡§°‡§æ‡§â‡§® ‡§ï‡§æ ‡§¶‡•Å‡§∂‡•ç‡§Æ‡§® ‡§ï‡•å‡§® ? https://t.co/LGJkYYxyfo",PotholeWarriors
108,2020-04-14 16:28:22+00:00,1250098583623401474,"@mwaura_i_isaac OMG does your residency offer cab services because üòçüòçüòç
Anyway, Happy happy birthday baby! 
Enjoy your solo~party coz post lockdown not even 1am curfews  will hold us back from celebrating you!
Have a blessed 25th! üòç üíô",Sherrie1_
109,2020-04-13 17:02:34+00:00,1249744799688568837,@HardeepSPuri @AmitShah @PMOIndia @PIBHomeAffairs airlines companies are not refunding fares for journey which cancelled by passenger on govt advisory on Corona and implementation of curfews and lockdown on 24/03/2020.,Nitya34N
110,2020-04-13 10:24:41+00:00,1249644672600780800,"""After the virus began spreading, working hours were reduced, wages were cut, and curfews were imposed in the non-working hours.‚Äù said Narendra, a return migrant from Saudi Arabia. @firstpost
https://t.co/bUP0LOF4z0",NowMigration
111,2020-04-02 14:46:03+00:00,1245724178851885057,"Kashmiris were first ones to taste Curfews, shoot at Sight &amp; civil curfews way back in 89/90. Fellow Indians have no idea how scary such lockdowns were, often wdout essentials for weeks. It is sad to see how people behave in the current lockdown. #MyHomeMyKashmir @narendramodi https://t.co/12LvMAD1N4",aashishkaul
112,2020-03-28 10:07:20+00:00,1243842097821569024,@SPsofIndia @DelhiPolice @vijayantagoyal @IPS_Association @DCPSouthDelhi @bhishamsingh24 @SurajSinghIPS @ipskabra @dhruman39 @CPBlr @Ravindra_IPS @HMOIndia @LtGovDelhi Big salute to all for support and doing such great job during the complete lockdown...I I'm also wanted to help needy and poor peoples near by to me but helpless due to curfews.,NikhilSaroj
113,2020-03-23 14:02:24+00:00,1242089315494031361,I hope recently imposed curfews does not effect essentials like water. https://t.co/SyaR7adbeV,srastogi50
114,2020-03-23 12:15:34+00:00,1242062431347589120,"All mathematical models assume ""ideal/static circumstances"" and do not factor human intervention. With huge lockdowns/curfews/grounding of flights already in place, India would not see such a drastic spike. Yes, more cases will be reported. But not as apocalyptic as this. https://t.co/msGremZRXb",scarysouthpaw
115,2020-03-22 12:55:59+00:00,1241710212068802562,"Follow us- @alenshouts

India reaction in mirzapur style 

#CoronavirusCrisis #Covid19 #curfews #jantacurfewconcert #coronaarwarness #newsindianexpress #indianewsupdates #indianewsupdates @ Mumbai, Maharashtra https://t.co/FPnnngBrWO",Akhileshy_3
116,2020-03-22 06:10:17+00:00,1241608118053699585,"The silence, at 11:30 am is almost haunting.
On an otherwise busy street full of cars honking, people rushing.....

Dead silence.

#JanataCurfew 

Daag achhe hain.
Curfews achhe hain.

#GoCorona #CoronaGo #CoronaVirusIndia #COVID19 #CoronaVirus https://t.co/WjDa7mKfX6",ScarfaceVarun
117,2020-03-21 14:51:18+00:00,1241376846475939843,If leaders put curfews &amp; quarantines they should walk th talk. @rashtrapatibhvn had a breakfast 4 a LARGE gathering on 18th march including #MaryKom who had returned from JORDAN just 5 days prior &amp; was 2 have 2 week quarantine.    Is that responsible or irresponsible leadership? https://t.co/jEJbQQv5Mq,poojabeditweets
118,2020-03-21 12:40:05+00:00,1241343825353691138,"@narendramodi just a suggestion 
1. Tomorrow please see if we have anything interesting on tv , out of box program, say you doing calls randomly to citizens to check whether they are participating in curfews. 
2. May a joint call with CMs of different states telecasting live 1/n",akshayphatak1
119,2020-03-21 06:51:17+00:00,1241256045470568448,"To those who are complaining about the quarantine period and curfews, Just remember that your grandparents were called to war ; you are being called to sit on the coach and watch Netflix &amp; chill . You can do this .  #JantaCurfew #coronavirus #CoronaStopKaroNa #sofiyanahmed",sofiyan_ahmed_
120,2020-03-19 15:51:46+00:00,1240667289399115777,@narendramodi Thank you Hon. PM. Next week request to please order few more Janta curfews for few more days. https://t.co/srH3PfzqWW https://t.co/c2TwgzkAgd,SrivathsaAlva
121,2020-03-19 15:33:57+00:00,1240662805646200833,Glad that the PM acknowledged  #coronaVirus as a grave crisis but this is not the time 4 trial self-imposed voluntary curfews. Reducing panic is important but so is each passing second. Wish there was more positive firm action &amp; direction. We need that right now. #COVID2019india,smritikiran
122,2020-03-19 15:23:22+00:00,1240660138844880896,"Janta Curfews and Self Quarantine times are the best time for self care and hence I am trying something very different for my face this time..
I am using prolixrmen detoxifying Sea Algae face mask which contains‚Ä¶ https://t.co/8fJNyDaYvW",HarsshBhagtaani
123,2020-03-19 14:54:55+00:00,1240652980732473344,"A great call out by @narendramodi .

Usually we should avoid curfews, but Let's pledge to participate in the #JantaCurfew on Sunday 22 March and safeguard everyone around us from #coronavirus.

@aparanjape https://t.co/kQVeFFJJYY",rathireetesh
124,2020-02-25 11:37:34+00:00,1232268394159689728,"Rationed supplies arriving in vans, curfews, black sheeted windows. I have seen this once to know what it feels like. I was 7 yrs old then. In 25 years, nothing has changed. Nothing! The hatred is still there. And it's that easy to fuel a riot!",radzzzzster
125,2020-01-28 13:13:15+00:00,1222145612918882304,Someone teach him about Marshall McLuhan please and his theory about the world being a ‚Äòglobal village‚Äô - @fayedsouza this was a Canadian in the 60s and we have an Indian directing us towards commerce curfews and walling off the outside world in 2020! https://t.co/XscGl6hpgk,triptikedia
126,2020-01-06 17:29:28+00:00,1214237560186126336,"@AnupamPKher This ‚ÄòFree Kashmir‚Äôdoesn‚Äôt necessarily mean Independent/separate Kashmir. 
It means freedom from the internet shutdown,lockdown, the curfews, the policing. If you think Kashmir is free, try living there.",Pratiekmukund
127,2020-01-06 17:24:06+00:00,1214236209624444928,"@rajuparulekar Exactly, It means freedom from the internet shutdown,lockdown, the curfews, the policing.  #GodiMedia #JNUViolence",Pratiekmukund
128,2020-01-02 17:34:00+00:00,1212789149599551488,"(2/3) saffron terrorism. Shame on you @myogiadityanath! There is an epidemic of hatred spreading in the country. A war on democracy and citizens of India. In Kashmir, even during curfews, local &amp; state officials upheld the Sikh rights to religious liberty. But in @myogiadityanath https://t.co/Y3sbhAxd7x",itskushalroy
