,0
20600,welcome
20601,a52s is good
20602,lol hogaya grinning_squinting_face
20603,skullskullskullskullskull
20604,"if vaccinated, there is higher chance death due to lightning earthquake than corona, research done america | American research claims - the risk of death due to lightning and earthquake is more"
20605,ram ram triangular_flag
20606,i mean. just legend
20607,"vaccinated are infected hospitalized, vaccine are given because person shouldn't be hospitalized. then what's use vaccine #novaccinemandate #novaccinepassportsanywhere #vaccinedoesnotwork #vaccinationishoax #vaccineforhumanguineapigs"
20608,Cut to Chomnicha. Every word is cute. Haha. #Desire game ep6
20609,yov live 2022
20610,red_heart ❁´◡`❁
20611,good news.
20612,february. fire february.
20613,coronavirus omicron news highlights: over 1 crore teens 15-18 age group are fully vaccinateTongue_sticking_out_cheeky_playful_or_blowing_a_raspberry health minister mansukh mandaviya | chinese foreign ministry spokesman zhao lijian #health indians
20614,if specialists were vaccinated. #battlefield #battlefield2042
20615,"# Thane District Vaccination Update २२ Vaccination of 22 thousand 903 citizens till 7 pm today एकूण Total 1 crore 24 lakh 35 thousand 128 doses till date पहिला First dose to 68,04,25 citizens till now; The second dose was given to 55,15,430 people. लाख Booster dose #vaccinatie #vaccinated to 1 lakh 15 thousand 673 people"
20616,wow OK_handOK_hand
20617,scripted ah ila idhukungaluku self respect no
20618,time do ipo themetrorailguy
20619,god sorry kay
20620,koi 2 saal mein apna address change nahi kar sakta kya
20621,Becomes like another employee prc. It's
20622,"Singapore Paisen can participate in sports competitions against schools ""pleading_face students taking part national school games, s'pore youth festival must be fully vaccinated against covid-19"""
20623,hawa kiski khiski woh 10 march ko pata chalegazany_face
20624,urdle 29 اُردل. given my crap urdu exceptionally proud this…. face_with_tears_of_joy 5/7 black_large_squareblue_squareblack_large_squareblack_large_square blue_squareblue_squareblack_large_squareblack_large_square black_large_squareblue_squareblack_large_squareblack_large_square blue_squareblue_squareblack_large_squareblue_square blue_squareblue_squareblue_squareblue_square
20625,arrey 5000 aur 3000 wali garuntee ka kya hoga ...
20626,not surprised tbh
20627,definitely. its her choice ke naam pe kuch bhi demand kia ja sakta hai.
20628,not india.
20629,pandemic vaccinated
20630,# Covid vaccination #covid19 #corona #vaccinated today at 17 vaccination centers in Nashik district
20631,yogi ki sarkar hai isliye gahne pahen kar pahunch gayi warna ...winking_face_with_tongue
20632,everyone wants open nbfc
20633,"Oh, I like it. I want to slap them so much. What are you going to invade? Poor kid."
20634,I saw on fb. hopefully the graduating students will also be heard since most of them are fully vaccinated. They have been without graduation for 2 years. let them experience the climb of the stage at the end. pensive_face
20635,hum khan hy bus plus dekhta hy.
20636,bina vaccine ke hi fully vaccinated ka certificate dene k liye thank you modi ji..
20637,amazing day #korfakkansmiling_face_with_heartsgreen_heart #dubaiexpo2020 #dubailife #samsungs22ultra white_heartwhite_heartwhite_heart #adventuregame #horseracing #horseriding
20638,wordle 236 5/6 yellow_squarewhite_large_squarewhite_large_squaregreen_squaregreen_square white_large_squarewhite_large_squareyellow_squaregreen_squaregreen_square white_large_squaregreen_squarewhite_large_squaregreen_squaregreen_square white_large_squaregreen_squarewhite_large_squaregreen_squaregreen_square green_squaregreen_squaregreen_squaregreen_squaregreen_square
20639,mombati mafia nikal gay maidan me
20640,"and and and, is it logical that people who have just taken pfizer jab2, less than 4-5 months, lose their fully vaccinated status if they do not take jab3/booster before 28 Feb 2022. this kind of order is health care or for business"
20641,just posted photo
20642,10th March Absolutely Clear....winking_face_with_tongue
20643,maybe ask sebi change rules
20644,0 expectations judiciary.
20645,You people should not get Modi phobia by saying Modi Modi.
20646,respect folded_hands
20647,conrad sangma also asserted that no mandatory testing be required entry into state double-vaccinated people. #meghalaya #cmconradsangma #schools #reopen #nightcurfew #covidsituation
20648,madarchod log. soye pade hai sab bsdk.
20649,this should complete outfit
20650,#fully_vaccinated
20651,bird's nest
20652,your jacket represents jai bhim
20653,tonti - 0 bjp - 1
20654,extra cream
20655,don't let your guard down. follow covid appropriate behaviour strictly: face_with_medical_maskwear face masks properly open_handsmedium-light_skin_tonesanitize your hands regularly syringeget fully vaccinated person_standingleft-right_arrow️person_standingfollow social distancing #unite2fightcorona #indiafightscorona
20656,75% target population fully vaccinated : health minister #covid19 #health #minister #maleque
20657,parliament cancels pcr requirement incoming citizens; second dose considered fully vaccinated via #thetimeskuwait #kuwaitnews #kuwait #nationalassembly #kuwaitparliment #pcrtest #citizens #vaccinated
20658,Details of Kovid Vaccines in Jayanagar Assembly constituency dated 11-02-2022 Note: Citizens above 15+ age group are required to visit following vaccination centers 1st dose & amp; 2nd dose vaccination. i urge everyone get vaccinated. #vaccination
20659,ager general election hogaya apkisko wote dengay
20660,"Now it is not certain whether Jignesh will win or not, and half of Hardik's time is spent fighting with old jogis. The organization of the Congress is in ruins."
20661,"india eases travel rules; removed 'at-risk' category, pre-departure covid-19 tests fully vaccinated travelers #airsuvidhaportal #atriskcountries #covid19 #homequarantine #india #internationalarrivals #rtpcrtest #travelguidelines #travelrules"
20662,It's the same with prc
20663,he’s vaccinated
20664,2nd dose done.. #vaccinated
20665,#novotetobjp
20666,"If the restrictions were imposed on the fisheries that were completely vaccinated.. I mean, they were covered by a heavy hand?"
20667,dr preesha khurrana being kiss vaccinated kiss_markkiss_markby her daughter expression preesha were kushi kushi smiling_face_with_sunglassesheart_suit️ #yehhaichahatein #rusha #abrargun
20668,together we can overcome this pandemic by following these steps keep everyone safe against covid-19. wear maskface_with_medical_mask wash/sanitise your hands frequentlylotion_bottleraising_handsmedium-light_skin_tone maintain social distance person_standing‍male_sign️—person_standing‍male_sign️ get vaccinated syringe #nhm #covid19meghalaya #takeyourbestshot #largestvaccinedrive
20669,"meghalaya schools: meghalaya reopen schools classes 1-5 feb 14, end mandatory covid testing fully vaccinated"
20670,folded_handsfolded_handsred_heartwaheguru ji chardikla rakhan eda en
20671,ball anyway hain...
20672,ok waiting your unboxing
20673,"Not only the Director General of Police, but also the post of Chief Secretary is in charge. Caretaker Chief Secretary Devashish Chakraborty is retiring on February 28, 2022."
20674,time dekh liya karo ...12 baje dopahar hoti hai subah nahi ...
20675,he had previously campaigned jadavpur 2019.
20676,Breakfast in the dark face_with_rolling_eyesface_with_rolling_eyesface_with_rolling_eyes
20677,beautiful OK_hand
20678,"meghalaya reopen schools classes 1-5 feb 14, end mandatory covid testing fully vaccinated #conradsangma #covid #meghalaya #meghalayaschools #nightcurfew #schoolsreopening"
20679,chal jhutti zany_face
20680,ws ... 12 tak face_with_rolling_eyes
20681,allah khayr
20682,Wishing you a very happy birthday poet. Praying to Lord Badrivishal and Baba Kedar for your health and longevity. May your company continue to reach the entire public. greetings bouquetbouquetbouquetbirthday_cakebirthday_cakebirthday_cakebirthday_cakebirthday_cakebirthday_cakebouquetfolded_hands
20683,iski naukri gayi ...duty par sotey huye pakda gayabeaming_face_with_smiling_eyes
20684,Health Ministry relaxes international travel rules New rules will be applicable from February 14 - no pre-departure rt-pcr test case traveler is fully vaccinated - no need home quarantine - only 2% those flying be…
20685,Health Ministry relaxes international travel rules New rules will be applicable from February 14 - no pre-departure rt-pcr test case traveler is fully vaccinated - no need home quarantine - only 2% those flying be tested randomly #omicron #covid19
20686,get your kids vaccinated #pickids
20687,#bdlmuseum is now open to all those who are fully vaccinated we look forward welcoming visitors back museum. Dr. Bhau Daji Lad Museum is open to all vaccinated #mumbai #welcomeback
20688,gulabi brown
20689,"And in the end, brother, knowingly turned all my happiness upside down."
20690,get #vaccinated
20691,haan ​​bhaiya aap up ke kya haal hain ...sacchi sarkar imandaar sarkar winking_face_with_tongue
20692,fight against covid-19 is not over yet. make sure get vaccinated as its best way protect yourself against covid-19 follow sops help curb pandemic. #punjabhealthreforms #healthforall #vaccineswork #getvaccinated
20693,agree
20694,wǔ suì jiù kěyǐ dǎ yìmiáo le-year-old can be vaccinated the 5-year-olds can now be vaccinated syringegirllight_skin_toneboymedium_skin_tonechildmedium-light_skin_toneflexed_bicepsmedium-light_skin_tonesyringegirllight_skin_toneboymedium_skin_tonechildmedium-light_skin_toneflexed_bicepsmedium-light_skin_tonesyringe wǔ suì-five = five years old jiù on = then kěyǐ can = can dǎ yìmiáo Vaccination = vaccination le got = already #registeredyourchildren #fightcovid19 #kunkwanlifestyle
20695,walaah habibi 86 likes lekar dravidstan banayega person_facepalming
20696,yesterday modiji said communists neeche ek kone mein pade hai. thode din mein ye baaki elements bhi wahi hojaenge.
20697,100% aaenge.
20698,"0mg, i got vaccinated, covid is me....."
20699,"thank you anti vaccine. but mcm anti booster. I'm afraid the side effects will interfere with the smooth running of my work and duties. but fully vaccinated expired mac's. with another convo, another wedding. hm"
20700,"area chhodo, vip pe concentrate karo na, professor."
20701,get yourself vaccinated wear mask. #omicronvarient #vaccination #vaccinated #covidisnotover #wearamask #azadikaamritmahotsav
20702,abbey yaar ...pahle tweet nahi dekha ...koi nahi 5 saal baad ...abhi de diya
20703,golddddd #olympicgames #figureskating
20704,i was listening elton john today too #olympicgames
20705,king ice skating nathan chen #olympicgames #figureskating
20706,yes yes yes nathan chen #olympicgames #figureskating
20707,wow kagiyama #olympicgames #figureskating
20708,nathan nathan nathan #teamusa #olympics #figureskating
20709,hahaha
20710,#novotetobjp #voteagainsthate
20711,jaake vote kar na akal-less ko. yaha kya time barbad kar rha hai.
20712,aquamarine. don't @ me.
20713,i want say both
20714,All are requested to vote with full strength. Make BJP win. #upelections #elections2022 #bjpagain
20715,conservative
20716,#novotetobjp #votefordevlopment #voteagainsthate
20717,#novotetobjp #voteagainsthate #upelection2022
20718,jaha aapne choda tha waha se party bahut aage bad gayi hain kavirajzany_face
20719,"bsdk, akal-less ke jo gunde ghoom rhe poore state mein wo yaad nhi aaega. tu de gundo ko vote. yogiji ne metro aur expressway, highways ka bahut better jaal bicha dia hai. best cheez - crime control in mein hai."
20720,is this tax-free
20721,baaton baaton me multipie ka promotion bhi kar dijiye . kapil sharma 101
20722,kal meri 2nd dose vaccination ho gaya papaji Face_bloing_a_kiss lekin kal aap nahi aaye isliye nahi bol payi Disappointed_fes But speaking today Fes_bloing_a_kissfache_bloing_a_kis e'm fully vaccinated ... yeh jankar aapko bhi bahut khushi hogi Kissing_fes_vith_clojd_ayeskissidag_fes_vith_clojd_ayeskissidag_fes_vith_clojd_eyeslekin Thoda Haath Mein Dard Hai Aur Weekness Hai Disappointed_fachedisppointed_fes yahi ...
20723,vaccinated victory_hand️
20724,awe hanyu. #olympics figureskating
20725,shubh din mitoa vande mataram jai shri ramtriangular_flag salute armed forces nation protecting our freedom medical professionals saving our lives. get vaccinated. Apply #vaccine_jeet_ka.
20726,surely not star as big as appu
20727,I got saffron color
20728,Please vote and do it wisely #upelection2022
20729,175 max bjp get..
20730,"push the button, vandalize #uttarpradeshelections2022"
20731,operational expressways india
20732,Wait for them. If you see
20733,If that is the case then the country should be Rajapaksa. It's not like that
20734,oops i should eat dinner.
20735,cock fight mein zyada income aa sakti hai
20736,please go out vote
20737,get vaccinated pensive_face
20738,"Jay Chok's Kitchen Roadside restaurant But the taste is very delicious, the wait is not long, the price is cheap, the ingredients are fresh, the tom yum is very tight. thumbs_up Let's go to Phitsanulok. Let's go try. #Jae Chok's Kitchen #Phitsanulok"
20739,i'm vaccinated syringemicrobe #moderna #mrna #booster @ Thonburi Hospital
20740,"Yogi is useful in up, Jai Shri Ram triangular_flag"
20741,wowOK_hand
20742,sad day you
20743,india la adhigama liquor sales up la dhan nadakudhu..anga poi pana vendiyadhu dhane ... fraud kelavan
20744,ram ram folded_handstriangular_flag
20745,"if they lose their cultivated land, they will become structural workers like us who are starting all over from scratch for the sake of the life they have inherited from generation to generation there. #wadasmelawan #wadastolaktambang"
20746,today hyderabad prerana hyderabad wings hyderabad uddan sec’bad aathira tarnaka aadivika kukatpally centennial has jointly organised vaccination drive at bharat nagar colony bag amberpet also distributed groceries who got vaccinated. #lcidistrict320b
20747,i bake too
20748,yes tht #novotetobjp
20749,Fight three months after birth
20750,got starbucks
20751,"Life is not going to apologize to you for what has happened or is happening, so learn to live it… warning️ ♡ heart_exclamation"
20752,revolving_heartsrevolving_heartsrevolving_heartsrevolving_heartsrevolving_heartsrevolving_heartsrevolving_heartsrevolving_heartsrevolving_heartsrevolving_hearts السلام علیکم ورحمتہ اللہ وبرکاتہ revolving_hearts صبح بخیر زندگی پیارے لوگو fallen_leaf revolving_heartsrevolving_heartsrevolving_heartsrevolving_heartsrevolving_heartsrevolving_heartsrevolving_heartsrevolving_heartsrevolving_heartsrevolving_hearts
20753,"* ﭘﺴﻨﺪﯾﺪﮦ The object is ﻣ ﻣ ﻞ ﻧﺎ ﻧﺎ ﺁﺯﻣﺎﺋﺶ and ﺟـﺎﻧــﺎ ﺟـﺎﻧــﺎ ﺑﮭـﯽ ﺁﺯﻣﺎﺋﺶ ہمیشہ Man is always tested by his favorite object. Insignificant things keep rolling in our feet all our lives and even though they happen, we do not see them."
20754,yea vi puchlo unke apas 20 gun holding bodyguard hai tere pass kyu nhi hai. matlab dimag nhi hai kya bo p.m hai fully secured person world or vaccinated vi unko bolne ki jarurat nhi hai.
20755,just have your wife get vaccinated
20756,how many 63% are vaccinated
20757,oh m gee
20758,"many people like to hear people talk huha huha. lazy reading, even though all those things are scoops from tony robbins books etc. cut paste is."
20759,yes josh hutcherson cssting
20760,reposting #frodo #lotr #lotr20 #meme #lordoftherings
20761,innalillahiwainnalillahirajiun. may the soul of his father be placed with the righteous. aamiin
20762,face_with_tears_of_joy
20763,"visited old age home at gorai arranged #vaccination camp senior citizens who were not at all vaccinated thanks ji ji organizing #covidshield vaccines them n presence ,sanjay nagrecha senior congress karyakartas."
20764,wut
20765,vaccinated - my vaccine record $6.99 free
20766,not yet. #vaccinated
20767,i wish i was nz see this.
20768,"nhi, 3rd ka kaam shuru hoga soch lo 5-6 saal kam se kam dfc par wahi normal 2 tracks"
20769,aw i love this
20770,happy birthday
20771,yeah. man's fully vaccinated ayyy
20772,"""you got vaccinated you live"""
20773,my leader. my prime minister....
20774,wordle 236 3/6 white_large_squareyellow_squareyellow_squarewhite_large_squarewhite_large_square green_squaregreen_squarewhite_large_squareyellow_squarewhite_large_square green_squaregreen_squaregreen_squaregreen_squaregreen_square
20775,tell that david blaine
20776,ba. No songs Miss
20777,He's a bit like me
20778,nafs par qaabu
20779,wordle 236 3/6 yellow_squarewhite_large_squarewhite_large_squareyellow_squareyellow_square green_squarewhite_large_squareyellow_squarewhite_large_squaregreen_square green_squaregreen_squaregreen_squaregreen_squaregreen_square
20780,wordle 236 6/6 black_large_squareyellow_squareyellow_squareblack_large_squareyellow_square yellow_squaregreen_squareblack_large_squareyellow_squareblack_large_square black_large_squareblack_large_squareblack_large_squareblack_large_squareblack_large_square green_squaregreen_squareyellow_squareblack_large_squareblack_large_square green_squaregreen_squareblack_large_squareblack_large_squareyellow_square green_squaregreen_squaregreen_squaregreen_squaregreen_square
20781,folded_handspurple_heart
20782,aameen
20783,ministry health urges compatriots get vaccinated against coronavirus time #uzb
20784,folded_handstriangular_flag
20785,yes sometimes
20786,didnt't get this
20787,ye gadhe bachpan se hote hain ya koi vaccine lete hain
20788,"kabhi nhi, kabhi bhi nhi : mai sab me nhi padta ; i'll opt reading book instead"
20789,Like the most sought after wilted_flowermaple_leaf
20790,when was it banned
20791,jin ki paidaish main b patwario ka hath hai wo b chawlain martay hain...
20792,jon ki paidaiah main b patwario ka hath hai wo b batain kertay hain
20793,mudiyala thalaivare..sneezing_face
20794,polio vaccinated boy
20795,Salgadu - Gal Sadu
20796,mine: fully vaccinated all bodies are getting acne rashes rn I'm not sure whether to take a booster or not
20797,phir toh kya hi point hai sedan lene ka
20798,"Prabhu ki bhakti me vileen ho jao, sabme kuch nhi rakha"
20799,tc bro
20800,double vaccinated individuals not require rt-pcr tests before entering meghalaya: cm conrad sangma new rule come into effect february 11. #shillong #meghalaya #northeastindia #covidvaccination
20801,iphone privacy sikesike
20802,noob i can still see names
20803,1970s :: people getting vaccinated india #upsc
20804,you sure about that
20805,Details of Kovid Vaccines in Jayanagar Assembly constituency dated 10-02-2022 Note: Citizens above 15+ age group are required to visit following vaccination centers 1st dose & amp; 2nd dose vaccination. i urge everyone get vaccinated. #vaccination
20806,some sense
20807,i am fully vaccinated
20808,exactly
20809,sir why not pc.
20810,well said sir
20811,over 1⃣ crore youngsters between 15-18 age group are now fully vaccinated against #covid19 syringe #sabkovaccinemuftvaccine
20812,logon nay apkay khilaf ghalat naraa nahi lagaya he. ap jo hen wo hi bol rahy hen log apko
20813,Is that a memorial ceremony? face_with_tears_of_joy
20814,"His procession is so simple, almost never closing the road at all. At most, a single lane, he used to drive beside the royal procession. Those bastards are trying to be inferior to make it look normal that no one can say anything next. Let them…."
20815,out
20816,get vaccinated without hesitation
20817,i hope you booked tigor ev.
20818,there are 4 tails bsh 4 months to be released. there are males and females. will be. I'm not bad at defending much. potty trainedcheck_mark_button defleacheck_mark_button dewormcheck_mark_button vaccinated check_mark_button ear-mite freecheck_mark_button
20819,this is only nykaa
20820,what historic feat by young india boylight_skin_tonegirllight_skin_tone over 1⃣ crore youngsters between 15-18 age group are now fully vaccinated against #covid19 syringe More than 1 crore children in 15-18 age group received both doses of covid vaccine. #sabkovaccinemuftvaccine
20821,paytm sponsors crikcet series
20822,"ek ye mla hain - asking about electricity outage, ek humare hote hain"
20823,Calm down Nong Orn. ​​Listen to your father first. #Desire game ep5
20824,Pete is also cute. Optimistic. Good father. #Desire game ep5
20825,Milin is a good person. I see you. Risa Tew. #Desire game ep5
20826,hahaha bhai lanti gill say khud pooch looo kia kia hoa us k sath....
20827,they are premium partners mercedes formula 1
20828,I love Milin. Haha. #Desire game ep5
20829,life of a mother and child You have to watch it on the computer in the bed next to your child. Can't leave to watch TV outside. #Desire game ep5
20830,That's it. Doubtful. Chi. Ask me. Milin. #Desire game ep5
20831,No wonder it's strange #Desire game ep5
20832,"Still following him, Mr. Anawin #gaming wishes ep5"
20833,buzzkill
20834,i miss piumi's insta stories
20835,pity this family Pity this pair of brothers #Desire game ep5
20836,very beautiful #Desire game ep5
20837,My sister is so creepy. #Desire game ep5
20838,"Risa Thew, are you wearing high heels to travel this foot? #Desire game ep5"
20839,Talk in your heart #Desire game ep5
20840,"dear double vaccinated 15-18 yr young indians , you got syringesoccer_ball️ syringerollingclapping_handsmedium-light_skin_tone. do encourage all your friends &amp; cousins complete their doses too . ur our hope &amp; confidence future folded_handsmedium-light_skin_tonethumbs_upmedium-light_skin_toneIndiasyringeface_with_medical_maskleft-right_arrow️"
20841,Think far away. Risa. Huh. Just a friend. #Desire game ep5
20842,what historic feat by young india India boylight_skin_tonegirllight_skin_tone over 1⃣ crore youngsters between 15-18 age group are now fully vaccinated against #covid19 syringe More than 1 crore children in 15-18 age group received both doses of covid vaccine. #sabkovaccinemuftvaccine
20843,Attempting to hurry and hit Pangya to wait for the movie until it comes. #Desire game ep5
20844,"Oh mother, you have to smash shallots for you every night, right? Where did the mother's nose go?"
20845,even fully vaccinated
20846,yeh mahine mein 15 din hunger strike par hi rehte hain. zany_face
20847,hahha
20848,"I'm sorry, I don't want to comment, because I still refuse to be vaccinated and mysejahtera is still white. ok done #perli #sarcasm"
20849,"yeah, me too they look identical"
20850,hahah.
20851,hamara wala toh bina pehne hi leta rehta hain
20852,midnight paris notting hill khabi alvida na kahena
20853,bhai chor do ye fazool baten. dünya kahan pohonch gai he or musalman jawan abhi chakron se nhi nikle.
20854,follow 3ws keep everyone safe against covid-19. wear maskface_with_medical_mask wash/sanitise your hands frequentlylotion_bottleraising_handsmedium-light_skin_tone maintain social distance person_standing‍male_sign️—person_standing‍male_sign️ get vaccinated syringe #largestvaccinedrive #nhm #covid19meghalaya
20855,jahil insan kia os time loog zinda nahi rehtay hai..... mout ka aik waqt fix hai... na aik zyada na aik kum...
20856,"First you have to read the job offer letter. tgk on termination conditions. usually on probation, the period is one month's notice, at the longest. follow the terms in the letter, send a notice. keep a certified copy of receipt."
20857,Corona Harega Jung: More than one crore teenagers got both doses #coronavirusupdates #vaccinated
20858,ho sbb aku baca hr tu kj kabo dok serius mcm duku sbb percentage vaccinated tinggi knocked-out_face‍dizzyknocked-out_face‍dizzyknocked-out_face‍dizzyknocked-out_face‍dizzyknocked-out_face‍dizzyknocked-out_face‍dizzyknocked-out_face‍dizzyknocked-out_face‍dizzyknocked-out_face‍dizzyknocked-out_face‍dizzyknocked-out_face‍dizzyknocked-out_face‍dizzyknocked-out_face‍dizzyknocked-out_face‍dizzyknocked-out_face‍dizzyknocked-out_face‍dizzyknocked-out_face‍dizzyknocked-out_face‍dizzy
20859,now got vaccinated...
20860,mgnrega is demand-driven job scheme
20861,"ctr_nirmalkumar : rt : what historic feat by young india boylight_skin_tonegirllight_skin_tone over 1⃣ crore youngsters between 15-18 age group are now fully vaccinated against #covid19 syringe More than 1 crore children in 15-18 age group received both doses of covid vaccine. ,"
20862,religious institutions bhubaneswar reopen feb 12: only fully vaccinated. #bestofodisha #bhubaneswar #religiousinstitutions #religious #bhubaneswar #odisha
20863,"2 dose vaccinated symptoms - day 1-2 - fever, cough, flu so even worse because of severe middle sinus, dizziness and heaviness, numbness of legs and back .. day 3 today - cough, flu and slight headache"
20864,Over 1⃣ crore youngsters between 15-18 age group are now fully vaccinated against #covid19 syringe. #sabkovaccinemuftvaccine #largestvaccinedrive
20865,PJ
20866,"Such a situation is being created deliberately in the country. In a way, Muslims are either being forced to accept second-class citizenship. Or they are being forced to fight back. The union has the advantage of both. Muslims are very few in number. So he is not in a position to fight back."
20867,aankhon ka taara suna tha
20868,over one crore youngsters between 15-18 age group are now fully vaccinated against #covid19 #unite2fightcorona #largestvaccinedrive #sabkovaccinemuftvaccine
20869,over one crore youngsters between 15-18 age group are now fully vaccinated against #covid19: union health minister mansukh mandaviya photo courtesy: mansukh mandaviya's twitter #coronavirus #indiafightscorona #zeenews
20870,wordle 235 4/6 white_large_squareyellow_squarewhite_large_squarewhite_large_squarewhite_large_square white_large_squareyellow_squareyellow_squareyellow_squarewhite_large_square yellow_squareyellow_squareyellow_squarewhite_large_squareyellow_square green_squaregreen_squaregreen_squaregreen_squaregreen_square
20871,"marte ho mare, apne ko kya"
20872,vaccinated✓
20873,liten this chld why o ge vaccinated.
20874,what historic feat by young india boylight_skin_tonegirllight_skin_tone over 1⃣ crore youngsters between 15-18 age group are now fully vaccinated against #covid19 syringe. #sabkovaccinemuftvaccine
20875,"loudspeaker exciting news australian government has announced re-opening borders fully vaccinated travelers monday, 21st february.globe_showing_Asia-Australia . #idpupdates #idpeducationoman #studyinaustralia #australia"
20876,The record of the younger generation is #vaccinated # covid19vaccine
20877,"loudspeaker exciting news australian government has announced re-opening borders fully vaccinated travelers monday, 21st february.globe_showing_Asia-Australia . #idpupdates #idpeducationuae #studyinaustralia #australia"
20878,Deputy naughty
20879,So who
20880,2 legendary singers whom we lost covid
20881,what would you say
20882,"vaccinateTongue_sticking_out_cheeky_playful_or_blowing_a_raspberry This particular difference can be seen in the symptoms of Omicron, experts have warned of this danger #vaccinated #omicron #symptoms # covid19 #specialist #drpeterchinhong"
20883,People should not give much importance to such people.
20884,"If relief is given, will Nawaz Sharif's case become stronger?"
20885,ins sha allah # عمران_فیل_ٹھکانہ_جیل
20886,good ig
20887,onlyfans wala udhar hi kaam kar rha tha
20888,kya illogical baat karte ho tum bhai kuch sharm karo vote ke liye itna neeche mat giro..samajwadi party pehle bhi up sarkar mein reh chuki hain tab poore state mein nai hua aisa kuch jo tum bakwas faila rahe ho ..
20889,"Sister, that's why you are called pimps. You don't mind anyone trying to scare a single girl, hoisting saffron by taking off the tricolor, not allowing girls to enter the college, no sulli-bulli deals, anyone. If there is an objection to wearing hijab or burqa. Wow ri dallan wah."
20890,good afternoon
20891,"Faisal Voda's disqualification starts from 2018 election, the same election in which the victory of Shahbaz Sharif was turned into defeat by rigging. This seat belonged to PML-N."
20892,Facts have been spit out.
20893,i thought you use am
20894,"i've been there, but meri mohabbat ek tarfa hin, aur hamesha woh sirf meri rahegi"
20895,wapis nda mein aane ke raaste dhundh rhe ho kya
20896,mubarakan
20897,are you vaccinated eyes
20898,red_heart️red_heart️red_heart️
20899,delete krde bro
20900,More than 171 crore beneficiaries in the country got the corona vaccine #vaccinated
20901,stupidity personified.
20902,ha yaar sahi bol rhe hai ye #burka pe fully #hijab pahni hoti isko koi pahchan bhi nahi pata... #hijabisourright face_with_rolling_eyesface_with_rolling_eyes
20903,"please get vaccinated, a lot of ppv has been made to walk in. mostly empty, no need to wait for an appointment through mysejahtera."
20904,ab aadat si hai mujhko aise jineki
20905,Raja ji O decision and laughter in a matter of minutes.
20906,vaccinated totally done syringecheck_mark️ #pfizer #4thdose
20907,"When I bought a mini dress, I got a coffin and a car and I got out of it"
20908,"Yes, we just gave up the sick to not the sick behind the story, as long as the vaccine first. My sister just had to be called for a booster 3 weeks ago, she's already sick so I don't want to be vaccinated anymore, I have to be content because the vaccine status hasn't been fully vaccinated lately."
20909,sexy capitan board smiling_face_with_heart-eyes OK_hand #dubaiexpo #dubaimarina
20910,"yeah, it's pretty good tbh"
20911,Which way?
20912,Hahaha
20913,i wish you had gone school
20914,iyees
20915,why are vaccinated people getting infected | healthians - good health show | #healthyindians #thegoodhealthshow #healthshow #healthians #healthawareness #omicron #omicronvariant
20916,sparkling_heartsparkling_heart
20917,thank god gwaza hind postponed ...
20918,eyeseyeseyes
20919,1 years passed - slow nhi chal rhi gaadi
20920,#pakistan's 56% eligible population #vaccinated against #covid19 #ncoc #coronavirus
20921,ladkiyon ka samajh aa raha hai yeh laundey kyon wahan khade hain ..inhe bhi pahenna hai ...wait sec tiktok days bieng relived beaming_face_with_smiling_eyes
20922,gosh netflix. yes i'm watching.
20923,meanwhile swara ya allah subah shaam propoganda chalati hoon phir bhi koi 2 rs nahi deta
20924,replied it
20925,"Mirza Sahib, we guarantee that this facility is limited to sensitive gender only."
20926,Identity Dental Clinic is officially open. The clinic is open every day. Monday - Sunday 10:00 AM - 8:00 PM. Contact us on fb page: i-dentitiy dental studio id line: -dentity or call 084-3039889 #IdentityClinic #Bangkok University #minglemall
20927,abe bujhe hue koyle achhe se spelling likh le phir santre khlaunga tujhe...grinning_face
20928,bakri chor ke naam se vikhyat hain azam khan rampur main ...smirking_face
20929,is trh ka mazaak mt kia karo plz. jis ka no. he bechara disturb hota rhe ga. delete kr do ise
20930,lol.....wahan pahne ya nahi passport kafi hai kapde utarne ke liye smirking_face
20931,#allahhuakbar
20932,#allahuakbar
20933,double masking &amp; washing your hands are most effective way protect us covid-19. keep your distanceperson_standing‍male_sign️—person_standing‍male_sign️ wear double maskface_with_medical_mask get vaccinated syringe #nhm #covid19meghalaya #takeyourbestshot #largestvaccinedrive
20934,"play-schools, kg classes re-open #february 14. all teaching &amp; non-teaching faculty, other staffs must be fully #vaccinated before rejoining duties: odisha govt #odisha #schoolreopening #dhenkanalupdate"
20935,thts complete picture..
20936,"member i positive covid sebab dia fully vaccinated tapi i ada booster i negatif, so guys take u booster."
20937,"School has its own dress, it is okay to wear it in my opinion, as long as the student is in school, no matter what religion he is smiling_face_with_smiling_eyes"
20938,"Denmark has started opening nightclubs. norway no longer requires testing for visitors who have been fully vaccinated. in sweden there is no limit to dine-in at restaurants, mass gatherings, sports stadiums etc. although the case is high."
20939,ek dum sexy n aap
20940,peak karen moment puspika
20941,australia reopen borders fully vaccinated tourists february 21. details here - . #australia #borderreopen #covid19 #fullyvaccinatedtravelers #tourists #laesperanzatravels
20942,can verify this issue coat. vaccinated there is aefi but he said aefi was denied by the doctor who examined him.
20943,chehra byaan karta hai dil ki takleef ...medusa balo ke bina tyaar hai chaurahe par mangne ​​ko bheekh beaming_face_with_smiling_eyesbeaming_face_with_smiling_eyes
20944,he himself is vaccinated
20945,perfect sunset
20946,skullskull
20947,8 hours twt skull
20948,Two words of consolation ... A smile full of adoption ... Loving touch A sentence that calms the heart. More than all the wealth and charm of the world ... red_heart️
20949,You must learn to laugh when everyone is expecting you to cry backhand_index_pointing_leftvictory_hand ○ Good morning dear people ♡ heart_exclamation
20950,Ambuluwawa Udawatte forest
20951,what do you call karen සිංහල
20952,wordle 235 6/6 black_large_squareblack_large_squareblack_large_squareblack_large_squareyellow_square yellow_squareblack_large_squareblack_large_squaregreen_squareblack_large_square yellow_squaregreen_squareblack_large_squareblack_large_squareblack_large_square black_large_squaregreen_squareblack_large_squaregreen_squaregreen_square black_large_squareblack_large_squareyellow_squareyellow_squareblack_large_square green_squaregreen_squaregreen_squaregreen_squaregreen_square
20953,"other hand, that's great numbers."
20954,4 5 stars vipers virtuosos by sav r. miller
20955,just get vaccinated vote
20956,hotel flights all set all set #bibchat #runchat
20957,correction samaj virodhi takat ...
20958,short - ga**nd fat gai.
20959,hahaha certified zani hai aap ka leader janab....choro k hath karay jatay hain zani seedha sungsaar hota hai...
20960,You admit that you are fourth hahahaha
20961,"reducing someone's intelligence 2-3 grammatical mistakes. this when all probability, message was typed by someone else. ye gandhi surname mein hi problem hai kuch. chutia hoke reh jata hai banda."
20962,have you got vaccinated
20963,"sports fanatic, short-tempered"
20964,maine subah hi predict kar diya tha .... actually mozzie men would be happy with verdict ...sala ghar ki auratein aagey bad kaise jayen ...
20965,RAM Ram
20966,Lakh Bhosdina in Gujarati
20967,i have 100% respect karnataka boys who stood their ground &amp; showed these pigs their place. jai sri ram. #udupi #hijabisfundamentalright #hijabisindividualright #hijabrow #hijabisourright
20968,truckers are required to fully vaccinated cross land border b / n canada us..daaniki truckers andaru protest chestunnaru..india lo farmers protest ni full encourage chesadu… ippudu canada lo protest ki edustunnadu
20969,full coverage ho rhi hai western media mein. aisa last time farmer protest pe hi dekha tha.
20970,pic 1 - iran pic 2 - saudi arabia pic 3 - india pic 4 - taliban's afghanistan #udupi #hijabrow #karnatakahijabrow
20971,because it is cursed
20972,is that cheese dish
20973,jai shree ram triangular_flag
20974,"parh lo, parh lo"
20975,i heard isbt43 chandigarh that bina vaccinated hue bus terminal me ana mana hai... vhecking me bina vaccination k pakde jane par 500rs ka jurmana. alag alag rules chal rahe hai sabke
20976,yes i was about say what you said aman bhai.. introductory price around 21999 but with card discount.. har kisi ke pass nahi hota na rolling_on_the_floor_laughing aur abhi covid ke time par arrange bhi nahi kar sakte hain
20977,jai jai shri ram triangular_flag
20978,infinity beyond
20979,are you vaccinated
20980,heatwave. wut
20981,Meri chhod tu apni bta....
20982,"whether you are receiving #chemotherapy, #immunotherapy, #bonemarrowtransplant or #stemcelltransplant, you can get vaccinated. consult your oncologist find out best time you get vaccinated. #americanoncologyinstitute #aoicancercare #getvaccinated #vaccineswork"
20983,Details of Kovid Vaccines in Jayanagar Assembly constituency dated 09-02-2022 Note: Citizens above 15+ age group are required to visit following vaccination centers 1st dose & amp; 2nd dose vaccination. i urge everyone get vaccinated. #vaccination
20984,don't look up - best picture huh
20985,"""apni"" as ""unki"" galti."
20986,"woh toh apni hi galti ki wajah se gayi seat. abhi dekhna, inc yeh seat maangega next election mein."
20987,His MPship is over. It will end on July 4.
20988,On the hijab or niqab it is obscene flower
20989,bhai ye poora high lag rha hai. exploding_headexploding_headexploding_head
20990,love is battlefield
20991,Ground reality ... Duffer
20992,"+ its not just 2 million vaccinations administered day... its that nearly 90 million pakistanis are now fully vaccinated against covid-19. this is huge pakistani state. it proves yet again that capability is function will, not capacity. clapping_handsmedium_skin_toneclapping_handsmedium_skin_toneclapping_handsmedium_skin_tone"
20993,tairy okaat This is daikh lay
20994,clapping_handsclapping_handshugging_face
20995,with governor meghalaya. smiling_face #meghalaya #governorofmeghalaya #rajbhavan #india #vaccinated
20996,"good, study"
20997,patrons*
20998,vaccinated dee
20999,france scrap covid test rule vaccinated travellers